character,record_type,record_subtype,name,activation_requirement,stack_limit,cp_cost,die_face,rules_text,character_form,potion_slot_limit,summon_cost,companion_limit,unearth_corpse_value,companion_activation_limit,ace_charge_slot_limit
Pale Lady,Status Effect,Unique Status Effect,Moon Shard,,3,,,These tokens have effects documented on both sides of the Hero Board. These token may not be removed or transferred by any means except as a result of this Hero's abilities & cards.,All Forms,,,,,,
Pale Lady,Status Effect,Negative Status Effect,Bleed,,2,,,"Roll 1 [die] in Upkeep Phase. On 1-4, receive 1 dmg, otherwise, remove token: A player afflicted with this token must roll 1 [die] during their Upkeep Phase. On 1-4, they are dealt 1 dmg. On 5-6, remove this token.",All Forms,,,,,,
Pale Lady,Status Effect,Negative Status Effect,Prey,,2,,,"Add 1 or 2 dmg when Attacking: When a player afflicted with this token is Attacked by an opponent, the Attacker may roll 1 [die]: • On 1, remove this token. • On 2-5, the Attacker increases their dmg by 1. • On 6, the Attacker increases their dmg by 2. Attack Modifier.",All Forms,,,,,,
Pale Lady,Hero Board Ability,Offensive Ability,Scratch,[slash] ×3 / [slash] ×4 / [slash] ×5,,,,"[slash] ×3: Deal 4 dmg. [slash] ×4: Deal 5 dmg. [slash] ×5: Deal 6 dmg. On 3-of-a-kind (#'s), inflict Bleed.",Pale Lady,,,,,,
Pale Lady,Hero Board Ability,Offensive Ability,The Cure,[crescent] ×3 + [full moon] ×1,,,,Gain Moon Shard and 1 CP. Draw 1. Heal 3.,Pale Lady,,,,,,
Pale Lady,Hero Board Ability,Passive Ability,Twilight,Passive; Upkeep Phase with 3 Moon Shard,,,,"During your Upkeep Phase, if you have 3 Moon Shard, flip your Hero Board.",Pale Lady,,,,,,
Pale Lady,Hero Board Ability,Offensive Ability,The Hunt,[slash] ×2 + [full moon] ×2,,,,Inflict Prey. Then deal 6 dmg.,Pale Lady,,,,,,
Pale Lady,Hero Board Ability,Offensive Ability,Conflicted,Small Straight / Large Straight,,,,Small Straight: Gain Moon Shard. Deal 6 dmg. Large Straight: Gain 2 Moon Shard. Deal 8 dmg.,Pale Lady,,,,,,
Pale Lady,Hero Board Ability,Offensive Ability,Ensnare,[full moon] ×4,,,,Gain 2 Moon Shard. Inflict 2 Prey. Then deal 5 undefendable dmg.,Pale Lady,,,,,,
Pale Lady,Hero Board Ability,Offensive Ability,Full Moon,[crescent] ×4,,,,"Deal 5 dmg & roll 4 [dice]: Add 1 × [slash] dmg. On [crescent], gain 1 CP or Moon Shard. On [full moon], gain 1 CP and Moon Shard.",Pale Lady,,,,,,
Pale Lady,Hero Board Ability,Defensive Ability,Refresh,Defense Roll 4 [dice],,,,"Heal 1 × [crescent]. On [full moon], gain Moon Shard.",Pale Lady,,,,,,
Pale Lady,Hero Board Ability,Ultimate Ability,Unleash the Beast!,[full moon] ×5,,,,"Gain 2 Moon Shard. Then flip your Hero Board and activate the Werewolf's Ultimate Ability. ULTIMATE — Dice may be altered to prevent an Ultimate. Otherwise, no action of any kind may be performed by any opponent until the ability fully completes.",Pale Lady,,,,,,
Pale Lady,Character Die,Die Symbol,Slash,,,,1; 2; 3,Slash.,All Forms,,,,,,
Pale Lady,Character Die,Die Symbol,Crescent,,,,4; 5,Crescent.,All Forms,,,,,,
Pale Lady,Character Die,Die Symbol,Full Moon,,,,6,Full Moon.,All Forms,,,,,,
Pale Lady,Unique Card,Main Phase Action,Trick of the Light!,,,1,,"If Werewolf, Heal 2 and flip your Hero Board.",All Forms,,,,,,
Pale Lady,Unique Card,Main Phase Action,Dark Side of the Moon!,,,0,,"Roll 5 [dice]: For each [slash], receive 1 dmg. For each [crescent], inflict Bleed on a chosen opponent. Gain 1 × [full moon] Moon Shard.",All Forms,,,,,,
Pale Lady,Unique Card,Roll Phase Action,Etiquette!,,,1,,"Play only after being Attacked. If an opponent is Attacking you with at least 10 dmg, Heal 2 and gain Moon Shard.",All Forms,,,,,,
Pale Lady,Unique Card,Instant Action,New Moon!,,,2,,"If Pale Lady, receive 1 dmg. Gain Moon Shard.",All Forms,,,,,,
Pale Lady,Unique Card,Main Phase Action,Transformation!,,,3,,"If Pale Lady, gain Moon Shard. Then flip your Hero Board.",All Forms,,,,,,
Pale Lady,Unique Card,Roll Phase Action (Attack Modifier),Ravage!,,,2,,"If Werewolf, receive 1 dmg and roll 5 [dice]: Add 1 × [slash] dmg. You may re-roll up to five of these dice.",All Forms,,,,,,
Pale Lady,Unique Card,Roll Phase Action (Attack Modifier),Ambush!,,,1,,"If Pale Lady, remove a Moon Shard and roll 1 [die]: On 1, add 3 dmg. On 2-5, add 4 dmg. On 6, add 4 dmg and gain Moon Shard.",All Forms,,,,,,
Pale Lady,Unique Card,Roll Phase Action (Attack Modifier),Quenched!,,,1,,"If Werewolf, after successfully dealing dmg, Heal 1 per Moon Shard.",All Forms,,,,,,
Pale Lady,Unique Card,Main Phase Action,Scent of Blood!,,,1,,"If Werewolf, inflict Prey on a chosen opponent. You may spend an additional 2 CP to inflict 2 Prey instead.",All Forms,,,,,,
Pale Lady,Unique Card,Main Phase Action,Life Trade!,,,0,,"If Pale Lady, receive up to 3 dmg and gain the same amount of CP.",All Forms,,,,,,
Pale Lady,Unique Card,Main Phase Action,Briar Thorn!,,,1,,"Choose an opponent and roll 1 [die]: On [crescent], inflict 2 Bleed. Otherwise, inflict Bleed.",All Forms,,,,,,
Pale Lady,Unique Card,Main Phase Action,Waxing Moon!,,,3,,"If Werewolf, roll 1 [die]: On [slash], deal 4 dmg to a chosen opponent. On [crescent], draw 2. On [full moon], gain Moon Shard.",All Forms,,,,,,
Pale Lady,Unique Card,Main Phase Action,Waning Moon!,,,1,,"If Pale Lady, roll 1 [die]: On [slash], deal 2 dmg to a chosen opponent. On [crescent], gain 2 CP. On [full moon], Heal 2.",All Forms,,,,,,
Pale Lady,Unique Card,Main Phase Action,Petulant!,,,1,,"If Pale Lady, choose an opponent. They must pay you 1 CP or else you flip your Hero Board.",All Forms,,,,,,
Pale Lady,Hero Board Ability,Offensive Ability,Shred,[slash] ×3 / [slash] ×4 / [slash] ×5,,,,"[slash] ×3: Deal 4 undefendable dmg. [slash] ×4: Deal 5 undefendable dmg. [slash] ×5: Deal 6 undefendable dmg. On 3-of-a-kind (#'s), inflict Bleed.",Werewolf,,,,,,
Pale Lady,Hero Board Ability,Offensive Ability,Rip and Tear,[crescent] ×3 + [full moon] ×1,,,,Deal 8 undefendable dmg.,Werewolf,,,,,,
Pale Lady,Hero Board Ability,Passive Ability,Twilight,Passive; conclusion of turn,,,,"At the conclusion of your turn, remove 1 Moon Shard. Then, if you do not have any Moon Shard, flip your Hero Board.",Werewolf,,,,,,
Pale Lady,Hero Board Ability,Offensive Ability,The Hunter,[slash] ×2 + [full moon] ×2,,,,Inflict 2 Prey. Then deal 7 dmg.,Werewolf,,,,,,
Pale Lady,Hero Board Ability,Offensive Ability,Sunder,Small Straight / Large Straight,,,,Small Straight: Inflict Bleed. Deal 8 + 1 dmg per Moon Shard. Large Straight: Inflict 2 Bleed. Deal 8 + 2 dmg per Moon Shard.,Werewolf,,,,,,
Pale Lady,Hero Board Ability,Offensive Ability,Jaws of the Wolf,[full moon] ×4,,,,"Inflict Prey and roll 4 [dice]: On [full moon], gain Moon Shard. Then deal 5 + 2 undefendable dmg per Moon Shard.",Werewolf,,,,,,
Pale Lady,Hero Board Ability,Offensive Ability,Full Moon Blitz,[crescent] ×4,,,,Heal 1 per Moon Shard. Deal 4 + 1 undefendable dmg per Moon Shard.,Werewolf,,,,,,
Pale Lady,Hero Board Ability,Defensive Ability,Backslash,Defense Roll 4 [dice],,,,"Deal 1 × [slash] dmg. On [crescent], inflict Bleed. On [full moon], deal 2 dmg.",Werewolf,,,,,,
Pale Lady,Hero Board Ability,Ultimate Ability,Unleash the Beast!,[full moon] ×5,,,,"Gain Moon Shard. Inflict Prey and 2 Bleed. Then deal 13 dmg. At the conclusion of your turn, do not remove 1 Moon Shard. ULTIMATE — Dice may be altered to prevent an Ultimate. Otherwise, no action of any kind may be performed by any opponent until the ability fully completes.",Werewolf,,,,,,
Raveness,Companion,Companion Rules,Nevermore,,,,,"Nevermore joins the Raveness in battle as an instrument of chaos. When Nevermore is Activated, the Raveness may choose one: • Move Nevermore to a chosen player. • Absorb Vitality. Absorb Vitality: May only be chosen while Nevermore is on an opponent. For each instance of Absorbing, increase Nevermore's dial by 1 (max 3). Then that opponent receives 1 as an isolated source of undefendable dmg. Whenever Nevermore is moved to the Raveness, Heal the amount on Nevermore's dial. Then reduce the dial to zero. If an opponent has Nevermore, they must roll 1 [die] during their Upkeep Phase. This is called the Nevermore Die Roll: • On 1, that opponent gains Hex. • On 2, the Raveness may Activate Nevermore two times. • On 3, the Raveness may Activate Nevermore. • On 4, that opponent discards 1 of their choice. • On 5, that opponent loses 1 CP. The Raveness gains 1 CP. • On 6, reduce Nevermore's dial to 0. Then return Nevermore to the Raveness. HERO SETUP — Begin the game with Nevermore on your Hero Board set to 0.",All Forms,,,,,,
Raveness,Status Effect,Positive Status Effect,Feather,,5,,,A player with these tokens may spend them at any time to activate a variety of effects: • 1 token: Force the Nevermore Die Roll to be re-rolled. • 2 tokens: Increase or decrease the value of the Nevermore Die Roll by 1. • 3 tokens: Activate Nevermore.,All Forms,,,,,,
Raveness,Status Effect,Unique Status Effect,Hex,,1,,,"6's are considered blanks: A player afflicted with this token must treat all of their die faces with a 6 as if those faces are completely blank instead. At the conclusion of their turn, remove this token. This token may not be transferred by any means (but can be removed).",All Forms,,,,,,
Raveness,Character Die,Die Symbol,Talon,,,,1; 2; 3,Talon.,All Forms,,,,,,
Raveness,Character Die,Die Symbol,Wing,,,,4; 5,Wing.,All Forms,,,,,,
Raveness,Character Die,Die Symbol,Raven Eye,,,,6,Raven Eye.,All Forms,,,,,,
Raveness,Hero Board Ability,Offensive Ability,Peck,[talon] ×3 / [talon] ×4 / [talon] ×5,,,,"[talon] ×3: Deal 5 dmg. [talon] ×4: Deal 6 dmg. [talon] ×5: Deal 7 dmg. On 4-of-a-kind (#'s), Activate Nevermore.",All Forms,,,,,,
Raveness,Hero Board Ability,Offensive Ability,Fowl Friend,[wing] ×4,,,,Draw 1. Gain Feather. Activate Nevermore two times.,All Forms,,,,,,
Raveness,Hero Board Ability,Offensive Ability,Craven,Small Straight,,,,Gain Feather. Deal 8 dmg.,All Forms,,,,,,
Raveness,Hero Board Ability,Offensive Ability,Chamber,[raven eye] ×4,,,,Activate Nevermore two times. Deal 7 undefendable dmg.,All Forms,,,,,,
Raveness,Hero Board Ability,Offensive Ability,Murder of Crows,[talon] ×2 + [wing] ×3,,,,"Deal 5 dmg & roll 4 [dice]: Add 1 × [talon] dmg. Gain 1 × [wing] Feather. On [raven eye], Activate Nevermore.",All Forms,,,,,,
Raveness,Hero Board Ability,Offensive Ability,Raven Sight,[talon] ×2 + [raven eye] ×2,,,,Activate Nevermore. Deal 3 undefendable dmg.,All Forms,,,,,,
Raveness,Hero Board Ability,Offensive Ability,Beguile,Large Straight,,,,Gain 2 Feather. Activate Nevermore. Deal 9 dmg.,All Forms,,,,,,
Raveness,Hero Board Ability,Defensive Ability,Nothing More,Defense Roll 5 [dice],,,,"On [talon] [talon], deal 2 dmg. On [wing] [wing], prevent 2 dmg. On [raven eye] [raven eye], Activate Nevermore.",All Forms,,,,,,
Raveness,Hero Board Ability,Ultimate Ability,Fantastic Terrors!,[raven eye] ×5,,,,"Activate Nevermore three times. Inflict Hex. Deal 13 dmg. ULTIMATE — Dice may be altered to prevent an Ultimate. Otherwise, no action of any kind may be performed by any opponent until the ability fully completes.",All Forms,,,,,,
Raveness,Unique Card,Roll Phase Action (Attack Modifier),Stone Beak!,,,2,,Play only if Nevermore is on the target of your Attack. Add 1 dmg. This Attack becomes undefendable.,All Forms,,,,,,
Raveness,Unique Card,Main Phase Action,Nevermore Attack!,,,,,Activate Nevermore. Then choose if the player that Nevermore is on Heals 2 or receives 2 dmg.,All Forms,,,,,,
Raveness,Unique Card,Instant Action,Broken Stillness!,,,1,,Activate Nevermore.,All Forms,,,,,,
Raveness,Unique Card,Main Phase Action,Midnight Dreary!,,,1,,"Roll 5 [dice]: Gain 1 × [wing] Feather. On [raven eye], Activate Nevermore.",All Forms,,,,,,
Raveness,Unique Card,Roll Phase Action (Attack Modifier),Talon Strike!,,,1,,Roll 5 [dice]: Add 1 × [talon] dmg.,All Forms,,,,,,
Raveness,Unique Card,Instant Action,Cull!,,,1,,Change the value of the Nevermore Die Roll. Gain Feather.,All Forms,,,,,,
Raveness,Unique Card,Hero Upgrade,Craven II,Small Straight,,2,,Gain 2 Feather. Deal 9 dmg.,All Forms,,,,,,
Raveness,Unique Card,Hero Upgrade,Peck II,[talon] ×3 / [talon] ×4 / [talon] ×5,,2,,"[talon] ×3: Deal 6 dmg. [talon] ×4: Deal 7 dmg. [talon] ×5: Deal 8 dmg. On 3-of-a-kind (#'s), Activate Nevermore.",All Forms,,,,,,
Raveness,Unique Card,Hero Upgrade,Fowl Friend II / Birds of a Feather,Fowl Friend II: [wing] ×3; Birds of a Feather: [wing] ×5,,3,,FOWL FRIEND II — Draw 1. Gain max Feather. Activate Nevermore three times. BIRDS OF A FEATHER — Increase Feather Stack Limit by 1. Then activate FOWL FRIEND II.,All Forms,,,,,,
Raveness,Unique Card,Hero Upgrade,Raven Sight II,[talon] ×2 + [raven eye] ×2,,1,,Activate Nevermore two times. Deal 3 undefendable dmg.,All Forms,,,,,,
Raveness,Unique Card,Hero Upgrade,Chamber II / Aviary,Chamber II: [raven eye] ×4; Aviary: [raven eye] ×3,,2,,CHAMBER II — Activate Nevermore three times. Deal 7 undefendable dmg. AVIARY — Gain 4 Feather. Deal 2 undefendable dmg.,All Forms,,,,,,
Raveness,Unique Card,Hero Upgrade,Beguile II / Pluck,Beguile II: Large Straight; Pluck: [wing] ×3 + [raven eye] ×2,,2,,BEGUILE II — Gain 3 Feather. Activate Nevermore two times. Deal 9 dmg. PLUCK — Inflict Hex. Then deal 9 dmg.,All Forms,,,,,,
Raveness,Unique Card,Hero Upgrade,Nothing More II,Defense Roll 5 [dice],,2,,"Deal 1 × [talon] dmg. On [wing] [wing], prevent 2 dmg. On [raven eye] [raven eye], Activate Nevermore.",All Forms,,,,,,
Raveness,Unique Card,Hero Upgrade,Murder of Crows II,[talon] ×2 + [wing] ×3,,2,,"Deal 6 dmg & roll 5 [dice]: Add 1 × [talon] dmg. Gain 1 × [wing] Feather. On [raven eye], Activate Nevermore.",All Forms,,,,,,
Alchemist,Status Effect,Unique Status Effect,Potions,,,,,"Whenever you Attach a Potion: • Choose any one Potion and place it on an open Potion Slot within an acceptable Ability. • You may not Attach more Potions (on your entire Hero Board) than the Limit noted for each Potion type. Whenever you activate an Ability, you may spend any number of Potions that are Attached to that Ability. For an Offensive Ability, spend at the end of the Offensive Roll Phase. For a Defensive Ability, spend after resolving the effects of your defense. These tokens may not be transferred by any means (but can be removed).",All Forms,,,,,,
Alchemist,Status Effect,Potion — Offensive,Punchify,,6,,,"May only be Attached to an Offensive Ability. When spent, add 2 dmg to your Attack. Attack Modifier.",All Forms,,,,,,
Alchemist,Status Effect,Potion — Defensive,Bolsterate,,2,,,"May only be Attached to a Defensive Ability. When spent, prevent 2 incoming dmg.",All Forms,,,,,,
Alchemist,Status Effect,Potion — Universal,Cleansitude,,3,,,"May be Attached to any Ability. When spent, the Alchemist chooses one: Remove 1 status effect from yourself or Heal 1.",All Forms,,,,,,
Alchemist,Status Effect,Potion — Universal,Toxification,,1,,,"May be Attached to any Ability. When spent, inflict Poison on a chosen player.",All Forms,,,,,,
Alchemist,Status Effect,Negative Status Effect,Poison,,3,,,Receive 1 dmg in Upkeep Phase: A player afflicted with this token is dealt 1 dmg per Poison token during their Upkeep Phase. Persistent.,All Forms,,,,,,
Alchemist,Character Die,Die Symbol,Solution,,,,1; 2; 3,Solution.,All Forms,,,,,,
Alchemist,Character Die,Die Symbol,Composition,,,,4; 5,Composition.,All Forms,,,,,,
Alchemist,Character Die,Die Symbol,Crucible,,,,6,Crucible.,All Forms,,,,,,
Alchemist,Hero Board Ability,Offensive Ability,Transmute,[solution] ×3 + [composition] ×2,,,,Gain 1 CP. Deal 6 dmg.,All Forms,1,,,,,
Alchemist,Hero Board Ability,Offensive Ability,Hermetics,[composition] ×3,,,,Attach 3 Potions. Heal 2.,All Forms,0,,,,,
Alchemist,Hero Board Ability,Passive Ability,The Lab,Passive; Upkeep Phase,,,,"During your Upkeep Phase, Attach 1 Potion. You may remove an Attached Potion at any time to re-roll 1 of your dice.",All Forms,0,,,,,
Alchemist,Hero Board Ability,Offensive Ability,Potion Overload,[solution] ×1 + [crucible] ×3,,,,Attach 2 Potions. Deal 7 dmg.,All Forms,3,,,,,
Alchemist,Hero Board Ability,Offensive Ability,Diffusion,Small Straight / Large Straight,,,,Small Straight: Attach 1 Potion. Deal 7 dmg. Large Straight: Attach 2 Potions. Draw 1. Deal 8 dmg.,All Forms,0,,,,,
Alchemist,Hero Board Ability,Offensive Ability,Catalyst,[crucible] ×4,,,,Attach 1 of each type of Potion. Deal 6 undefendable dmg.,All Forms,2,,,,,
Alchemist,Hero Board Ability,Offensive Ability,Chain Reaction,[solution] ×4 + [crucible] ×1,,,,Deal 6 dmg. You may spend 1 Potion that is Attached to your other Offensive Abilities.,All Forms,1,,,,,
Alchemist,Hero Board Ability,Defensive Ability,Passivation,Defense Roll 5 [dice],,,,Attach 1 × [crucible] Potion.,All Forms,2,,,,,
Alchemist,Hero Board Ability,Ultimate Ability,Chemical Trip!,[crucible] ×5,,,,"Attach 4 Potions. Deal 10 dmg. You may spend up to 3 Potions that are Attached to your Offensive Abilities. ULTIMATE — Dice may be altered to prevent an Ultimate. Otherwise, no action of any kind may be performed by any opponent until the ability fully completes.",All Forms,0,,,,,
Alchemist,Unique Card,Main Phase Action,Mutation!,,,0,,Remove up to 2 Attached Potions. Then gain 2 CP per Potion removed.,All Forms,,,,,,
Alchemist,Unique Card,Main Phase Action,Tonic!,,,1,,Remove Punchify to deal 3 dmg to a chosen player.,All Forms,,,,,,
Alchemist,Unique Card,Main Phase Action,Transmogrify!,,,1,,Remove Cleansitude to remove a status effect token from a chosen player.,All Forms,,,,,,
Alchemist,Unique Card,Main Phase Action,Concoction!,,,1,,"Roll 1 [die]: On [solution], Attach 1 Potion. On [composition], Attach 2 Potions of the same type. On [crucible], Attach 2 Potions and Heal 1.",All Forms,,,,,,
Alchemist,Unique Card,Main Phase Action,Potion Master!,,,2,,Attach 1 of each type of Potion.,All Forms,,,,,,
Alchemist,Unique Card,Main Phase Action,Noxious!,,,1,,Attach Toxification.,All Forms,,,,,,
Alchemist,Unique Card,Main Phase Action,Chemistry!,,,2,,Remove 1 Attached Potion. Then Attach 3 Potions that are a different type than the one that was removed. The new Potions may all be of the same type or different types.,All Forms,,,,,,
Alchemist,Unique Card,Roll Phase Action,Potion Explosion!,,,1,,Play only after being Attacked. Remove up to 2 Attached Potions. Then deal 2 dmg per Potion removed.,All Forms,,,,,,
Alchemist,Unique Card,Roll Phase Action (Attack Modifier),Life Extraction!,,,2,,Roll 3 [dice]: Add 1 × [solution] dmg. Heal 1 × [solution].,All Forms,,,,,,
Alchemist,Unique Card,Roll Phase Action,Girded!,,,1,,"You may perform an additional Roll Attempt of up to five dice during the Defensive Roll Phase. If you do not roll any [crucible] with your defense, prevent 2 incoming dmg.",All Forms,,,,,,
Alchemist,Unique Card,Hero Upgrade,Chain Reaction II,[solution] ×4 + [crucible] ×1,,0,,Deal 7 dmg. You may spend 1 Potion that is Attached to your other Offensive Abilities.,All Forms,1,,,,,
Alchemist,Unique Card,Hero Upgrade,Hermetics II / Inspired Chemist,Hermetics II: [composition] ×3; Inspired Chemist: [composition] ×5,,1,,HERMETICS II — Attach 3 Potions. Heal 3. INSPIRED CHEMIST — Attach 4 Potions. Heal 4.,All Forms,0,,,,,
Alchemist,Unique Card,Hero Upgrade,The Lab II,Passive; Upkeep Phase,,2,,"During your Upkeep Phase, roll 1 [die]: On [solution], Attach 1 Potion. On [composition] or [crucible], Attach 2 Potions. You may remove an Attached Potion at any time to re-roll 1 of your dice.",All Forms,0,,,,,
Alchemist,Unique Card,Hero Upgrade,Potion Overload II,[solution] ×1 + [crucible] ×3,,1,,Attach 3 Potions. Deal 7 dmg.,All Forms,3,,,,,
Alchemist,Unique Card,Hero Upgrade,Transmute II,[solution] ×3 + [composition] ×2,,1,,Gain 2 CP. Deal 6 dmg.,All Forms,2,,,,,
Headless Horseman,Companion,Companion Rules,Haunted Head,,,,,"Use your Pumpkin Head to frighten an opponent! At the conclusion of your turn, if an opponent has the Haunted Head, gain Dreadful. Terrorize an opponent: You may Terrorize an opponent during your Upkeep Phase when you have at least four Dreadful tokens (reference your Passive Ability, HEADLESS MAYHEM). When an opponent is Terrorized: • Remove four Dreadful tokens. • Move the Haunted Head to your Hero Board (if it is not already there). • Deal 3 as an isolated source of undefendable dmg to a chosen opponent. • Gain Grim Pursuit and 1 CP. HERO SETUP — Begin the game with the Haunted Head on your Hero Board. If you are not the first player to begin the game, gain Dreadful.",All Forms,,,,,,
Headless Horseman,Status Effect,Positive Status Effect,Dreadful,,5,,,"Boost various abilities: These tokens affect various abilities, including when you can Terrorize an opponent.",All Forms,,,,,,
Headless Horseman,Status Effect,Positive Status Effect,Grim Pursuit,,3,,,"Increase Attack dmg or gain Roll Attempt: A player with this token may spend it to activate one of the following effects: • Perform an additional Roll Attempt during your Offensive Roll Phase. • After Attacking, roll 5 [dice]: add 1 × [horseshoe] dmg. Attack Modifier. Each effect may only be activated once per turn.",All Forms,,,,,,
Headless Horseman,Character Die,Die Symbol,Axe,,,,1; 2; 3,Axe.,All Forms,,,,,,
Headless Horseman,Character Die,Die Symbol,Horseshoe,,,,4; 5,Horseshoe.,All Forms,,,,,,
Headless Horseman,Character Die,Die Symbol,Scare,,,,6,Scare.,All Forms,,,,,,
Headless Horseman,Hero Board Ability,Offensive Ability,Cleave,[axe] ×3 / [axe] ×4 / [axe] ×5,,,,"[axe] ×3: Deal 4 dmg. [axe] ×4: Deal 5 dmg. [axe] ×5: Deal 7 dmg. On 4-of-a-kind (#'s), gain Dreadful.",All Forms,,,,,,
Headless Horseman,Hero Board Ability,Offensive Ability,Reap,[horseshoe] ×3 + [scare] ×1,,,,"Gain 2 Dreadful. Deal 3 undefendable dmg. If you have the Haunted Head, draw 1.",All Forms,,,,,,
Headless Horseman,Hero Board Ability,Passive Ability,Headless Mayhem,Passive; Upkeep Phase,,,,"During your Upkeep Phase, you may choose one: Terrorize an opponent; or move the Haunted Head to a chosen player. If moved to an opponent, gain Dreadful. If your Offensive Roll Phase does not successfully deal at least 1 dmg, gain Grim Pursuit.",All Forms,,,,,,
Headless Horseman,Hero Board Ability,Offensive Ability,Ride Down,[axe] ×3 + [horseshoe] ×2,,,,Gain 2 Grim Pursuit. Then deal 6 dmg.,All Forms,,,,,,
Headless Horseman,Hero Board Ability,Offensive Ability,Sow Despair,Small Straight / Large Straight,,,,Small Straight: Gain Dreadful. Deal 7 dmg. Large Straight: Gain 2 Dreadful. Deal 9 dmg.,All Forms,,,,,,
Headless Horseman,Hero Board Ability,Offensive Ability,Horrify,[scare] ×4,,,,"Choose one: Gain 3 Dreadful; or gain Grim Pursuit. If you have the Haunted Head, do both instead. Then deal 6 undefendable dmg.",All Forms,,,,,,
Headless Horseman,Hero Board Ability,Offensive Ability,Spectral Assault,[axe] ×3 + [scare] ×2,,,,"Gain Dreadful. Then deal 8 dmg and roll 1 [die] per Dreadful (up to 5 [dice] total): Add 1 × [axe] dmg. On [horseshoe] [horseshoe], this Attack becomes undefendable. Gain 1 × [scare] Grim Pursuit.",All Forms,,,,,,
Headless Horseman,Hero Board Ability,Defensive Ability,Hallowed Reckoning,Defense Roll 1–5 [dice],,,,"Roll 1 [die] plus 1 more for each Dreadful (up to 5 [dice] total): Deal 1 × [axe] dmg. For every [horseshoe] [horseshoe], prevent 1 dmg. Gain 1 × [scare] Dreadful.",All Forms,,,,,,
Headless Horseman,Hero Board Ability,Ultimate Ability,Dreadful Charge!,[scare] ×5,,,,"Gain 4 Dreadful. Deal 14 dmg. ULTIMATE — Dice may be altered to prevent an Ultimate. Otherwise, no action of any kind may be performed by any opponent until the ability fully completes.",All Forms,,,,,,
Headless Horseman,Unique Card,Hero Upgrade,Sow Despair II,Small Straight / Large Straight,,2,,Small Straight: Gain 2 Dreadful. Deal 7 dmg. Large Straight: Gain 3 Dreadful. Deal 10 dmg.,All Forms,,,,,,
Headless Horseman,Unique Card,Hero Upgrade,Reap II / The Reaper,Reap II: [horseshoe] ×3 + [scare] ×1; The Reaper: [horseshoe] ×3 + [scare] ×2,,2,,"REAP II — Gain 2 Dreadful. Deal 4 undefendable dmg. If you have the Haunted Head, draw 1. THE REAPER — Draw 1. Gain 3 Dreadful. Deal 4 undefendable dmg.",All Forms,,,,,,
Headless Horseman,Unique Card,Hero Upgrade,Cleave II / Ghostly Charge,Cleave II: [axe] ×3 / [axe] ×4 / [axe] ×5; Ghostly Charge: [axe] ×2 + [horseshoe] ×1 + [scare] ×1,,2,,"CLEAVE II — [axe] ×3: Deal 5 dmg. [axe] ×4: Deal 6 dmg. [axe] ×5: Deal 8 dmg. On 3-of-a-kind (#'s), gain Dreadful. GHOSTLY CHARGE — Gain 2 Grim Pursuit. Deal 2 pure dmg.",All Forms,,,,,,
Headless Horseman,Unique Card,Hero Upgrade,Hallowed Reckoning II,Defense Roll 2–5 [dice],,2,,"Roll 2 [dice] plus 1 more for each Dreadful (up to 5 [dice] total): Deal 1 × [axe] dmg. For every [horseshoe] [horseshoe], prevent 1 dmg. Gain 1 × [scare] Dreadful. On [scare] [scare], gain Grim Pursuit.",All Forms,,,,,,
Headless Horseman,Unique Card,Hero Upgrade,Horrify II / Spooky,Horrify II: [scare] ×4; Spooky: [scare] ×2,,2,,HORRIFY II — Gain 3 Dreadful and 2 Grim Pursuit. Then deal 6 undefendable dmg. SPOOKY — Gain 2 Grim Pursuit. Then deal 7 dmg.,All Forms,,,,,,
Headless Horseman,Unique Card,Hero Upgrade,Spectral Assault II / Haunted Strike,[axe] ×3 + [scare] ×2,,2,,"SPECTRAL ASSAULT II — Gain Dreadful. Then deal 9 dmg and roll 1 [die] per Dreadful (up to 5 [dice] total): Add 1 × [axe] dmg. On [horseshoe] [horseshoe], this Attack becomes undefendable. Gain 1 × [scare] Grim Pursuit. HAUNTED STRIKE — Deal 4 undefendable dmg.",All Forms,,,,,,
Headless Horseman,Unique Card,Hero Upgrade,Ride Down II / Cursed Gallop,Ride Down II: [axe] ×3 + [horseshoe] ×2; Cursed Gallop: [horseshoe] ×3,,2,,RIDE DOWN II — Gain 3 Grim Pursuit. Then deal 6 dmg. CURSED GALLOP — Gain Grim Pursuit. Then deal 1 undefendable dmg.,All Forms,,,,,,
Headless Horseman,Unique Card,Roll Phase Action (Attack Modifier),Unescapable!,,,1,,Remove a Grim Pursuit to make this Attack undefendable.,All Forms,,,,,,
Headless Horseman,Unique Card,Instant Action,Dark Surprise!,,,2,,Gain 2 Dreadful.,All Forms,,,,,,
Headless Horseman,Unique Card,Roll Phase Action (Attack Modifier),Cranial Assist!,,,2,,"If your opponent has the Haunted Head, add 3 dmg.",All Forms,,,,,,
Headless Horseman,Unique Card,Main Phase Action,Dancing Pumpkin!,,,2,,"If you have the Haunted Head, gain 2 Dreadful. Otherwise, gain 2 Grim Pursuit.",All Forms,,,,,,
Headless Horseman,Unique Card,Roll Phase Action,Spirited Reprisal!,,,1,,"Play only after being Attacked. If you have the Haunted Head, prevent 3 incoming dmg.",All Forms,,,,,,
Headless Horseman,Unique Card,Instant Action,Rolling Pumpkin!,,,0,,Move the Haunted Head to a chosen player.,All Forms,,,,,,
Headless Horseman,Unique Card,Roll Phase Action,Thundering Hooves!,,,1,,Spend up to 3 CP. Then gain 1 Grim Pursuit per CP spent.,All Forms,,,,,,
Necromancer,Companion,Companion Rules,Undead,,,,,"Summoning Undead: • Undead are Summoned by spending Corpses during your Main Phase. • Whenever an Undead is Summoned, place it on your Hero Board. • You cannot Summon more Undead than the Limits noted below. Activating Undead: • Each Summoned Undead has an ability that can be activated once per turn. • At the conclusion of your Roll Phase, roll 1 [die] for each Undead that was activated; roll all of these dice simultaneously. For every [bones] rolled, remove one Undead of your choosing.",All Forms,,,,,,
Necromancer,Companion,Undead Companion,Skeletal Warrior,,,,,Bone Spear: Add 1 dmg. Attack Modifier.,All Forms,,2,3,,,
Necromancer,Companion,Undead Companion,Skeletal Mage,,,,,Only one of these abilities may be activated per turn: • Withering: Inflict Decrep-ify. Attack Modifier. • Scything Touch: Steal 1 Health; can only be used if you activated 3 Skeletal Warriors this turn. Attack Modifier.,All Forms,,3,1,,,
Necromancer,Companion,Undead Companion,Bone Golem,,,,,"Bone Spur: Add 2 dmg. Attack Modifier. Bone Spikes: When being Attacked, remove Bone Golem to deal 2 dmg and prevent 2 dmg without rolling a die for activating the ability.",All Forms,,6,1,,,
Necromancer,Resource,Dial,Corpse,,10,,,Corpses are a unique resource that may be spent for a variety of effects during your Main Phase: • 2 Corpses: Summon Skeletal Warrior. • 3 Corpses: Summon Skeletal Mage. • 6 Corpses: Summon Bone Golem. • 10 Corpses: Gain Resurrect.,All Forms,,,,,,
Necromancer,Passive Card,Hero Board Mechanic,Unearth,Passive; Upkeep Phase,,,,"During your Upkeep Phase, you must move this card to cover a different Offensive Ability on your Hero Board. After moving this card, gain the number of Corpses noted in the upper-right corner of the covered Ability. While an ability is covered, it cannot be activated. HERO SETUP — Cover your Black Shroud ability with your Unearth card. Set your Corpse Dial to 0.",All Forms,,,,,,
Necromancer,Status Effect,Negative Status Effect,Decrep-ify,,1,,,"Roll Attempts and Attacks become weaker: During their next Offensive Roll Phase, a player afflicted with this token may only re-roll a maximum of 2 dice when performing any Roll Attempt after their first Roll Attempt. Additionally, reduce any Attack dmg by 1. Attack Modifier. At the conclusion of the Roll Phase, remove this token.",All Forms,,,,,,
Necromancer,Status Effect,Unique Status Effect,Resurrect,,1,,,"Instead of being defeated, become a lifeless husk of your former self: The next time a player or team with this token would have their health reduced to 0, instead remove this token and set their health to 5. That player or team can no longer gain or spend CP. Additionally, if that player or team has any cards, they must discard them all and can no longer draw cards for the remainder of the game. This token may not be removed or transferred by any other means.",All Forms,,,,,,
Necromancer,Character Die,Die Symbol,Scythe,,,,1; 2; 3,Scythe.,All Forms,,,,,,
Necromancer,Character Die,Die Symbol,Bones,,,,4; 5,Bones.,All Forms,,,,,,
Necromancer,Character Die,Die Symbol,Soul,,,,6,Soul.,All Forms,,,,,,
Necromancer,Hero Board Ability,Offensive Ability,Shear,[scythe] ×3 / [scythe] ×4 / [scythe] ×5,,,,[scythe] ×3: Deal 3 dmg. [scythe] ×4: Deal 4 dmg. [scythe] ×5: Deal 5 dmg.,All Forms,,,,2,,
Necromancer,Hero Board Ability,Offensive Ability,Reanimate,[bones] ×3 / [bones] ×5,,,,[bones] ×3: Gain 3 Corpses. [bones] ×5: Gain 4 Corpses. Then you may immediately spend Corpses. Any Undead Summoned in this way cost 1 less Corpse.,All Forms,,,,2,,
Necromancer,Hero Board Ability,Offensive Ability,Blight,Small Straight / Large Straight,,,,Small Straight: Gain 1 Corpse. Deal 5 dmg. Large Straight: Gain 2 Corpses. Inflict Decrep-ify. Deal 7 dmg.,All Forms,,,,2,,
Necromancer,Hero Board Ability,Offensive Ability,Black Shroud,[soul] ×4,,,,Choose one: Summon any one Undead; or gain 3 Corpses. Then deal 4 undefendable dmg.,All Forms,,,,3,,
Necromancer,Hero Board Ability,Offensive Ability,Harvest,[scythe] ×3 + [soul] ×1,,,,"Gain 1 Corpse and roll 1 [die]: On [scythe], deal 4 dmg. On [bones], gain 3 Corpses and draw 1. On [soul], gain 1 Corpse. Then immediately begin an additional Offensive Roll Phase.",All Forms,,,,2,,
Necromancer,Hero Board Ability,Offensive Ability,Corpse Explosion,[scythe] ×1 + [bones] ×1 + [soul] ×2,,,,"Deal 4 dmg and spend up to 3 Corpses to roll 1 [die] for each Corpse spent: Add 1 × [scythe] dmg. Add 2 × [bones] dmg. On [soul], this Attack becomes undefendable.",All Forms,,,,2,,
Necromancer,Hero Board Ability,Offensive Ability,Deadman's Party,[bones] ×3 + [soul] ×2,,,,Deal 6 dmg. You do not have to roll [dice] for any Undead activated this turn.,All Forms,,,,2,,
Necromancer,Hero Board Ability,Defensive Ability,Resist Death,Defense Roll 4 [dice],,,,"Gain 1 × [bones] Corpses. On [soul], Steal 1 Health.",All Forms,,,,,,
Necromancer,Hero Board Ability,Ultimate Ability,Necro-Dancer!,[soul] ×5,,,,"Gain Resurrect. Inflict Decrep-ify. Then deal 10 dmg. You do not have to roll [dice] for any Undead activated this turn. ULTIMATE — Dice may be altered to prevent an Ultimate. Otherwise, no action of any kind may be performed by any opponent until the ability fully completes.",All Forms,,,,,,
Necromancer,Unique Card,Main Phase Action,Death Manual!,,,2,,Summon up to two Skeletal Warriors.,All Forms,,,,,,
Necromancer,Unique Card,Main Phase Action,Go Go Golem!,,,3,,Summon Bone Golem.,All Forms,,,,,,
Necromancer,Unique Card,Main Phase Action,Bone Appétit!,,,1,,"Roll 1 [die]: On [scythe], gain 2 Corpses. On [bones], draw 2. On [soul], inflict Decrep-ify and Steal 1 Health from a chosen opponent.",All Forms,,,,,,
Necromancer,Unique Card,Roll Phase Action,Sturdy Bones!,,,2,,Play only after rolling dice for each Undead that was activated. You may re-roll up to three dice; they can be the same die or different dice in any order.,All Forms,,,,,,
Necromancer,Unique Card,Roll Phase Action,Bone Armor!,,,1,,Play only after being Attacked. Remove up to two Undead. Then prevent 2 dmg per Undead removed.,All Forms,,,,,,
Necromancer,Unique Card,Roll Phase Action,Dead-ly Shrapnel!,,,0,,Play only after being Attacked. Remove one Skeletal Mage to deal 3 dmg.,All Forms,,,,,,
Necromancer,Unique Card,Instant Action,Fractured Magic!,,,2,,Summon Skeletal Mage.,All Forms,,,,,,
Necromancer,Unique Card,Hero Upgrade,Deadman's Party II / Creeper,Deadman's Party II: [bones] ×3 + [soul] ×2; Creeper: [scythe] ×2 + [bones] ×2,,2,,DEADMAN'S PARTY II — Deal 7 dmg. You do not have to roll [dice] for any Undead activated this turn. CREEPER — Inflict Decrep-ify. Deal 3 dmg.,All Forms,,,,3,,
Necromancer,Unique Card,Hero Upgrade,Resist Death II,Defense Roll 5 [dice],,2,,Gain 1 × [bones] Corpses. Steal 1 Health per [soul] rolled.,All Forms,,,,,,
Necromancer,Unique Card,Hero Upgrade,Corpse Explosion II / Disentomb,Corpse Explosion II: [scythe] ×1 + [bones] ×1 + [soul] ×2; Disentomb: [scythe] ×1 + [soul] ×3,,1,,"CORPSE EXPLOSION II — Deal 4 dmg and spend up to 4 Corpses to roll 1 [die] for each Corpse spent: Add 1 × [scythe] dmg. Add 2 × [bones] dmg. On [soul], this Attack becomes undefendable. DISENTOMB — Gain 2 Corpses. Then activate CORPSE EXPLOSION II.",All Forms,,,,3,,
Necromancer,Unique Card,Hero Upgrade,Harvest II,[scythe] ×3 + [soul] ×1,,2,,"Gain 1 Corpse and roll 1 [die]: On [scythe], deal 5 dmg. On [bones], gain 4 Corpses and draw 1. On [soul], gain 1 Corpse. Then immediately begin an additional Offensive Roll Phase.",All Forms,,,,3,,
Necromancer,Unique Card,Hero Upgrade,Reanimate II / Reanimate Mastery,Reanimate II: [bones] ×3; Reanimate Mastery: [bones] ×5,,1,,REANIMATE II — Gain 3 Corpses and 1 CP. Then you may immediately spend Corpses. Any Undead Summoned in this way cost 1 less Corpse. REANIMATE MASTERY — Gain 8 Corpses and 2 CP.,All Forms,,,,3,,
Necromancer,Unique Card,Hero Upgrade,Blight II,Small Straight / Large Straight,,2,,Small Straight: Gain 2 Corpses. Deal 5 dmg. Large Straight: Gain 3 Corpses. Inflict Decrep-ify. Deal 8 dmg.,All Forms,,,,3,,
Necromancer,Unique Card,Hero Upgrade,Shear II,[scythe] ×3 / [scythe] ×4 / [scythe] ×5,,2,,"[scythe] ×3: Deal 4 dmg. [scythe] ×4: Deal 5 dmg. [scythe] ×5: Deal 6 dmg. On 3-of-a-kind (#'s), gain 1 Corpse.",All Forms,,,,3,,
Necromancer,Unique Card,Hero Upgrade,Black Shroud II / Dark Hood,Black Shroud II: [soul] ×4; Dark Hood: [soul] ×3,,2,,BLACK SHROUD II — Summon any one Undead. Gain 3 Corpses. Then deal 4 undefendable dmg. DARK HOOD — Gain 3 Corpses. Draw 1. Then inflict Decrep-ify on up to two chosen opponents.,All Forms,,,,3,,
Cursed Pirate,Status Effect,Unique Status Effect,Cursed Doubloon,,5 (Pirate) / 3 (others),,,"Receive 1 dmg in Upkeep Phase except Pirate: • Any player other than the Pirate afflicted with Cursed Doubloons is dealt 1 dmg per Cursed Doubloon during their Upkeep Phase. • These Persistent tokens may not be moved or removed from any player except as a result of abilities on the Pirate's Hero Board. • Whenever the Pirate would gain a Cursed Doubloon, she may choose not to. • Cursed Doubloon tokens may stack up to 5× on the Pirate and up to 3× on anyone else.",All Forms,,,,,,
Cursed Pirate,Status Effect,Negative Status Effect,Powder Keg,,1,,,"Roll 1 [die] in Upkeep Phase. On 1–2, receive 3 dmg; on 6, pass it to anyone: A player afflicted with this token must roll 1 [die] during their Upkeep Phase. On 1–2, the Keg blows up. On 3–5, nothing happens. On 6, the player afflicted with Powder Keg may transfer the token to a chosen player. Additionally, if a player becomes inflicted with Powder Keg while already inflicted with Powder Keg, the first Keg immediately blows up. When a Keg blows up, remove it and deal 3 as an isolated source of undefendable dmg.",All Forms,,,,,,
Cursed Pirate,Status Effect,Negative Status Effect,Wither,,2,,,"Attacker deals −1 dmg per token: If a player with a Wither token would deal damage as a result of their Offensive Roll Phase, reduce that dmg by 1 per Wither token. Persistent.",All Forms,,,,,,
Cursed Pirate,Status Effect,Negative Status Effect,Parlay,,1,,,"Deal no dmg when Attacking: A player afflicted with Parlay may not deal any damage as a result of their Offensive Roll Phase, although other effects may still apply. At the conclusion of the Roll Phase, remove this token.",All Forms,,,,,,
Cursed Pirate,Character Die,Die Symbol,Cutlass,,,,1; 2; 3,Cutlass.,All Forms,,,,,,
Cursed Pirate,Character Die,Die Symbol,Booty,,,,4; 5,Booty.,All Forms,,,,,,
Cursed Pirate,Character Die,Die Symbol,Skull,,,,6,Skull.,All Forms,,,,,,
Cursed Pirate,Hero Board Ability,Offensive Ability,Cutlass Strike,[cutlass] ×3 / [cutlass] ×4 / [cutlass] ×5,,,,"[cutlass] ×3: Deal 5 dmg. [cutlass] ×4: Deal 6 dmg. [cutlass] ×5: Deal 7 dmg. On 4-of-a-kind (#'s), inflict Powder Keg.",Pirate (Front),,,,,,
Cursed Pirate,Hero Board Ability,Offensive Ability,X Marks the Spot,[booty] ×3,,,,Gain 1 CP and then roll 3 [dice]: Deal 2 × [cutlass] undefendable dmg. Draw 1 × [booty]. Gain 1 × [skull] Cursed Doubloons.,Pirate (Front),,,,,,
Cursed Pirate,Hero Board Ability,Passive Ability,Cursed,Passive; conclusion of turn,,,,"At the conclusion of your turn, remove a Cursed Doubloon. If you don't have any Cursed Doubloons that you can remove, flip your Hero Board over for the remainder of the game.",Pirate (Front),,,,,,
Cursed Pirate,Hero Board Ability,Offensive Ability,Walk the Plank,[cutlass] ×1 + [booty] ×2 + [skull] ×1,,,,Choose one: Steal 1 CP; or opponent discards 1 of their choice. Then deal 7 dmg.,Pirate (Front),,,,,,
Cursed Pirate,Hero Board Ability,Offensive Ability,Light the Fuse,Small Straight / Large Straight,,,,Small Straight: Inflict Powder Keg. Then deal 7 dmg. Large Straight: Inflict Powder Keg. Then deal 9 dmg.,Pirate (Front),,,,,,
Cursed Pirate,Hero Board Ability,Offensive Ability,Black Spot,[skull] ×4,,,,Gain Cursed Doubloon. Inflict Parlay. Deal 7 undefendable dmg.,Pirate (Front),,,,,,
Cursed Pirate,Hero Board Ability,Offensive Ability,Shiver Me Timbers,[cutlass] ×1 + [skull] ×3,,,,Deal 7 undefendable dmg. You may remove as many Cursed Doubloons as desired.,Pirate (Front),,,,,,
Cursed Pirate,Hero Board Ability,Defensive Ability,Ahoy Matey,Defense Roll 4 [dice],,,,"Deal 1 × [cutlass] dmg. Gain 1 CP × [booty]. Prevent 2 × [skull] dmg. On [cutlass] [cutlass] [skull], gain Cursed Doubloon.",Pirate (Front),,,,,,
Cursed Pirate,Hero Board Ability,Ultimate Ability,Pirate's Touch!,[skull] ×5,,,,"Deal 12 dmg. Gain 2 Cursed Doubloons. Inflict Parlay and Powder Keg. ULTIMATE — Dice may be altered to prevent an Ultimate. Otherwise, no action of any kind may be performed by any opponent until the ability fully completes.",Pirate (Front),,,,,,
Cursed Pirate,Hero Board Ability,Offensive Ability,Soul Cutlass,[cutlass] ×3 / [cutlass] ×4 / [cutlass] ×5,,,,"[cutlass] ×3: Deal 6 dmg. [cutlass] ×4: Deal 7 dmg. [cutlass] ×5: Deal 9 dmg. On 3-of-a-kind (#'s), inflict Powder Keg.",Cursed Pirate (Back),,,,,,
Cursed Pirate,Hero Board Ability,Offensive Ability,Dread Mark,[booty] ×3,,,,Gain 2 CP and then roll 4 [dice]: Deal 2 × [cutlass] undefendable dmg. Draw 1 × [booty]. Inflict 1 × [skull] Cursed Doubloons.,Cursed Pirate (Back),,,,,,
Cursed Pirate,Hero Board Ability,Passive Ability,Cursed,Passive; Upkeep Phase,,,,"During your Upkeep Phase, receive 4 dmg; this damage cannot be reduced or prevented in any way. If an opponent's Offensive Roll Phase does not result in an Attack, they are inflicted with Powder Keg.",Cursed Pirate (Back),,,,,,
Cursed Pirate,Hero Board Ability,Offensive Ability,Abyssal Walk,[cutlass] ×1 + [booty] ×2 + [skull] ×1,,,,Steal 1 CP. Opponent discards 1 of their choice. Inflict Wither. Then deal 8 dmg.,Cursed Pirate (Back),,,,,,
Cursed Pirate,Hero Board Ability,Offensive Ability,Thar She Blows,Small Straight / Large Straight,,,,Small Straight: Inflict Wither and Powder Keg. Then deal 7 dmg. Large Straight: Inflict Wither and Powder Keg. Then deal 10 dmg.,Cursed Pirate (Back),,,,,,
Cursed Pirate,Hero Board Ability,Offensive Ability,Black Soul,[skull] ×4,,,,"Inflict Parlay, Powder Keg, and Wither. Then deal 8 undefendable dmg.",Cursed Pirate (Back),,,,,,
Cursed Pirate,Hero Board Ability,Offensive Ability,The Shivering,[cutlass] ×1 + [skull] ×3,,,,Deal 8 undefendable dmg. Add 1 dmg for each Cursed Doubloon that opponents are inflicted with.,Cursed Pirate (Back),,,,,,
Cursed Pirate,Hero Board Ability,Defensive Ability,Avast Ye,Defense Roll 5 [dice],,,,"Deal 1 × [cutlass] dmg. Gain 1 CP × [booty]. Prevent 2 × [skull] dmg. On [cutlass] [cutlass] [skull], inflict Cursed Doubloon.",Cursed Pirate (Back),,,,,,
Cursed Pirate,Hero Board Ability,Ultimate Ability,Cursed Touch!,[skull] ×5,,,,"Deal 13 dmg. Inflict Parlay, Cursed Doubloon, and Wither. Additionally, inflict Powder Keg on up to two chosen opponents. ULTIMATE — Dice may be altered to prevent an Ultimate. Otherwise, no action of any kind may be performed by any opponent until the ability fully completes.",Cursed Pirate (Back),,,,,,
Cursed Pirate,Unique Card,Roll Phase Action (Attack Modifier),Shark Bait!,,,1,,Add 2 to your Attack dmg.,All Forms,,,,,,
Cursed Pirate,Unique Card,Main Phase Action,Crow's Nest!,,,1,,"Choose an opponent and roll 1 [die]: On [cutlass], examine their hand. On [booty], they discard 1 of their choosing. On [skull], they discard 1 randomly.",All Forms,,,,,,
Cursed Pirate,Unique Card,Main Phase Action,Truce!,,,3,,Inflict Parlay on a chosen opponent.,All Forms,,,,,,
Cursed Pirate,Unique Card,Main Phase Action,Scurvy!,,,2,,Receive 1 dmg. Then inflict Wither on a chosen opponent.,All Forms,,,,,,
Cursed Pirate,Unique Card,Main Phase Action,High Stakes!,,,2,,"Roll 2 [dice]. On [skull], draw 2 and gain 2 CP.",All Forms,,,,,,
Cursed Pirate,Unique Card,Main Phase Action,Swashbuckle!,,,2,,"Roll 1 [die]: On [cutlass], deal 2 dmg to a chosen opponent. On [booty], draw 2. On [skull], inflict Powder Keg on a chosen opponent.",All Forms,,,,,,
Cursed Pirate,Unique Card,Instant Action,Batten Down!,,,4,,"If you have any cards, discard them. Then draw 4.",All Forms,,,,,,
Cursed Pirate,Unique Card,Main Phase Action,Feed the Fish!,,,3,,Inflict Powder Keg on up to 3 different opponents.,All Forms,,,,,,
Cursed Pirate,Unique Card,Instant Action,Cursed Cards!,,,0,,Choose one: Draw 1; or receive 2 dmg and draw 2; or receive 4 dmg and draw 3.,All Forms,,,,,,
Cursed Pirate,Unique Card,Roll Phase Action (Attack Modifier),Run Ya Through!,,,2,,"Roll 5 [dice]: Add 1 × [cutlass] to the total dmg. If at least 3 dmg was added, inflict Powder Keg.",All Forms,,,,,,
Cursed Pirate,Unique Card,Main Phase Action,Yo Ho!,,,2,,"Inflict Powder Keg on a chosen opponent. Alternatively, that opponent may choose to roll 1 [die] instead: On 1–2, nothing happens. On 3–6, they are inflicted with Powder Keg and Wither.",All Forms,,,,,,
Cursed Pirate,Unique Card,Main Phase Action,Light It Up!,,,2,,Inflict Powder Keg on a chosen opponent.,All Forms,,,,,,
Cursed Pirate,Unique Card,Main Phase Action,Pirate's Life!,,,1,,"Gain 1 Cursed Doubloon. If your board has been flipped, Heal 3 instead.",All Forms,,,,,,
Cursed Pirate,Unique Card,Main Phase Action,Pillage!,,,0,,Steal 1 CP from a chosen opponent.,All Forms,,,,,,
Cursed Pirate,Unique Card,Roll Phase Action,Ransom!,,,1,,Select one of your opponent's dice. They must pay you 2 CP or else re-roll that die.,All Forms,,,,,,
Gunslinger,Status Effect,Positive Status Effect,Evasive,,3,,,"Spend & roll 1–2 to dodge an Attack: When a player with Evasive receives damage, they may choose to spend this token. If spent, roll 1 [die]. If the outcome is 1–2, no damage is received (although other associated effects may still apply). Multiple Evasive tokens may be spent in an attempt to prevent the same source of damage.",All Forms,,,,,,
Gunslinger,Status Effect,Positive Status Effect,Reload,,2,,,"Spend & add ½ of 1 [die] to Attack dmg: If a player concludes their Offensive Roll Phase with an Attack, they may spend this token. If spent, roll 1 [die] and add ½ the Value as dmg (rounded up). Attack Modifier.",All Forms,,,,,,
Gunslinger,Status Effect,Negative Status Effect,Knockdown,,1,,,"Spend 2 CP or skip Offensive Roll Phase: To remove this token, a player afflicted with it must spend 2 CP before the start of their Offensive Roll Phase. If the player does not, they must skip their Offensive Roll Phase and then remove this token.",All Forms,,,,,,
Gunslinger,Status Effect,Negative Status Effect,Bounty,,1,,,"Receive +1 dmg & Attacker gets 1 CP: When a player afflicted with this token is Attacked by an opponent, the attacker increases their dmg by 1 and gains 1 CP. Persistent.",All Forms,,,,,,
Gunslinger,Character Die,Die Symbol,Bullet,,,,1; 2; 3,Bullet.,All Forms,,,,,,
Gunslinger,Character Die,Die Symbol,Dash,,,,4; 5,Dash.,All Forms,,,,,,
Gunslinger,Character Die,Die Symbol,Bullseye,,,,6,Bullseye.,All Forms,,,,,,
Gunslinger,Hero Board Ability,Offensive Ability,Revolver,[bullet] ×3 / [bullet] ×4 / [bullet] ×5,,,,[bullet] ×3: Deal 3 dmg. [bullet] ×4: Deal 4 dmg. [bullet] ×5: Deal 5 dmg.,All Forms,,,,,,
Gunslinger,Hero Board Ability,Offensive Ability,Bounty Hunter,[bullet] ×2 + [bullseye] ×2,,,,Inflict Bounty. Then deal 1 undefendable dmg.,All Forms,,,,,,
Gunslinger,Hero Board Ability,Passive Ability,Quick Draw,Passive; Upkeep Phase,,,,"During your Upkeep Phase, gain Reload.",All Forms,,,,,,
Gunslinger,Hero Board Ability,Offensive Ability,Take Cover,[bullet] ×2 + [dash] ×3,,,,Gain Evasive. Deal 5 dmg.,All Forms,,,,,,
Gunslinger,Hero Board Ability,Offensive Ability,Showdown,Small Straight,,,,"After targeting an opponent, you each roll 1 [die]: If your roll is equal or greater, deal 7 dmg, otherwise deal 5 dmg.",All Forms,,,,,,
Gunslinger,Hero Board Ability,Offensive Ability,Deadeye,[bullseye] ×4,,,,Inflict Knockdown. Deal 6 undefendable dmg.,All Forms,,,,,,
Gunslinger,Hero Board Ability,Offensive Ability,Fan the Hammer,Large Straight,,,,Gain 2 Evasive. Deal 7 dmg.,All Forms,,,,,,
Gunslinger,Hero Board Ability,Defensive Ability,Duel,Defense Roll 1 [die],,,,"You and your Attacker each roll 1 [die]: If your roll is greater, you may choose to either deal 3 dmg or prevent ½ dmg (rounded up). If your roll is not greater, deal 1 dmg.",All Forms,,,,,,
Gunslinger,Hero Board Ability,Ultimate Ability,Fill 'Em With Lead!,[bullseye] ×5,,,,"Gain Evasive. Inflict Bounty & Knockdown. Then deal 10 dmg. If you spend a Reload, you may re-roll that die one time. ULTIMATE — Dice may be altered to prevent an Ultimate. Otherwise, no action of any kind may be performed by any opponent until the ability fully completes.",All Forms,,,,,,
Gunslinger,Unique Card,Hero Upgrade,Fan the Hammer II / Pistol Whip,Fan the Hammer II: Large Straight; Pistol Whip: [dash] ×2 + [bullseye] ×1,,2,,FAN THE HAMMER II — Gain 2 Evasive. Deal 8 dmg. PISTOL WHIP — Gain Evasive. Inflict Knockdown. Deal 1 undefendable dmg.,All Forms,,,,,,
Gunslinger,Unique Card,Hero Upgrade,Bounty Hunter II,[bullet] ×2 + [bullseye] ×2,,1,,Inflict Bounty. Then deal 2 undefendable dmg.,All Forms,,,,,,
Gunslinger,Unique Card,Hero Upgrade,Take Cover II / Mark the Target,Take Cover II: [bullet] ×2 + [dash] ×3; Mark the Target: [dash] ×3,,2,,TAKE COVER II — Gain Evasive. Deal 6 dmg. MARK THE TARGET — Gain 2 Evasive. Inflict Bounty.,All Forms,,,,,,
Gunslinger,Unique Card,Hero Upgrade,Deadeye II / Enforcer,Deadeye II: [bullseye] ×4; Enforcer: [bullseye] ×3,,2,,DEADEYE II — Inflict Knockdown. Deal 8 undefendable dmg. ENFORCER — Gain Evasive. Inflict Bounty & Knockdown on two opponents.,All Forms,,,,,,
Gunslinger,Unique Card,Hero Upgrade,Revolver II,[bullet] ×3 / [bullet] ×4 / [bullet] ×5,,2,,"[bullet] ×3: Deal 4 dmg. [bullet] ×4: Deal 5 dmg. [bullet] ×5: Deal 6 dmg. On 4-of-a-kind (#'s), inflict Knockdown.",All Forms,,,,,,
Gunslinger,Unique Card,Hero Upgrade,Duel II,Defense Roll 1 [die],,3,,"You and your Attacker each roll 1 [die]: If your roll is equal or greater, you may choose to either deal 3 dmg or prevent ½ dmg (rounded up). If your roll is less, deal 1 dmg.",All Forms,,,,,,
Gunslinger,Unique Card,Hero Upgrade,Showdown II,Small Straight,,2,,"After targeting an opponent, you each roll 1 [die]: If your roll is equal or greater, deal 8 dmg, otherwise deal 6 dmg.",All Forms,,,,,,
Gunslinger,Unique Card,Hero Upgrade,Showdown III,Small Straight,,3,,"After targeting an opponent, you each roll 1 [die]: If your roll is equal or greater, deal 9 dmg, otherwise deal 6 dmg.",All Forms,,,,,,
Gunslinger,Unique Card,Hero Upgrade,Quick Draw II,Passive; Upkeep Phase,,2,,"During your Upkeep Phase, gain Reload. When you spend a Reload, you may re-roll that die one time.",All Forms,,,,,,
Gunslinger,Unique Card,Roll Phase Action (Attack Modifier),Wild West!,,,1,,"When you spend a Reload, you may re-roll that die one time. If you do, add an additional 1 dmg to the outcome.",All Forms,,,,,,
Gunslinger,Unique Card,Main Phase Action,Spin the Chamber!,,,1,,Gain Reload.,All Forms,,,,,,
Gunslinger,Unique Card,Main Phase Action,Wanted!,,,2,,Inflict Bounty on a chosen opponent.,All Forms,,,,,,
Gunslinger,Unique Card,Main Phase Action,Roulette!,,,1,,"Choose a player and then roll 1 [die]: On [bullet], deal 2 dmg. On [dash], inflict Knockdown. On [bullseye], inflict Bounty.",All Forms,,,,,,
Gunslinger,Unique Card,Roll Phase Action (Attack Modifier),Eat Lead!,,,1,,"Roll 5 [dice]: Add 1 × [bullet] to the total dmg. If at least 4 dmg was added, inflict Knockdown.",All Forms,,,,,,
Artificer,Status Effect,Positive Status Effect,Synth,,7,,,"Spend during Main Phase to: 2 tokens: Build a Basic Bot, placing it on the Artificer. 3 tokens: Upgrade a Basic Bot to Advanced (flip token). Spend to Activate Bots: 2 tokens: Activate a Basic Bot. 1 token: Activate an Advanced Bot.",All Forms,,,,,,
Artificer,Status Effect,Negative Status Effect,Nanite,,3,,,"Deals dmg based on number of Nanites: When detonated, remove all tokens and deal dmg based on the number of Nanites on each player: 1 Nanite: receive 1 dmg. 2 Nanites: receive 3 dmg. 3 Nanites: receive 5 dmg. During Upkeep Phase, a player rolls 1 [die] per Nanite they are afflicted with: on 6, remove this token.",All Forms,,,,,,
Artificer,Companion,Basic Bot,Nanobot,Activate during your Upkeep Phase,,,,"You may Activate this Bot during your Upkeep Phase. Upon activation, Detonate all Nanites.",Basic Bot,,2,,,1,
Artificer,Companion,Basic Bot,Shock Bot,After your Offensive Roll Phase results in an Attack,,,,"If your Offensive Roll Phase results in an Attack, you may Activate this Bot. Upon Activation, increase that dmg by 3. This Bot may never be activated twice in one turn.",Basic Bot,,2,,,1,
Artificer,Companion,Basic Bot,Heal Bot,After being Attacked with at least 6 dmg,,,,"You may Activate this Bot up to two times after being Attacked with at least 6 dmg. Upon activation, roll 1 [die]: On [wrench], Heal 1. On [gear] or [bolt], Heal 2.",Basic Bot,,2,,,2,
Artificer,Character Die,Die Symbol,Wrench,,,,1; 2; 3,Wrench.,All Forms,,,,,,
Artificer,Character Die,Die Symbol,Gear,,,,4; 5,Gear.,All Forms,,,,,,
Artificer,Character Die,Die Symbol,Bolt,,,,6,Bolt.,All Forms,,,,,,
Artificer,Hero Board Ability,Offensive Ability,Spanner Strike,[wrench] ×3 / [wrench] ×4 / [wrench] ×5,,,,"[wrench] ×3: Deal 3 dmg. [wrench] ×4: Deal 4 dmg. [wrench] ×5: Deal 5 dmg. Roll 1 [die] or spend a Synth to roll 3 [dice] instead: On [wrench], add 1 dmg. On [gear], add 2 dmg. Gain 1 × [bolt] Synth.",All Forms,,,,,,
Artificer,Hero Board Ability,Offensive Ability,Schematics,[gear] ×3 + [bolt] ×1,,,,Draw 2 cards. Heal 2. Gain 4 Synth.,All Forms,,,,,,
Artificer,Hero Board Ability,Passive Ability,Scrap Collector,Passive; Upkeep Phase,,,,"During your Upkeep Phase, gain Synth. You may pay 4 Synth at any time to inflict a Nanite on a chosen opponent.",All Forms,,,,,,
Artificer,Hero Board Ability,Offensive Ability,Eureka,[wrench] ×2 + [gear] ×3,,,,Gain 3 Synth. Then deal 7 dmg.,All Forms,,,,,,
Artificer,Hero Board Ability,Offensive Ability,Jolt,Small Straight,,,,Gain Synth. Inflict Nanite. Then deal 7 dmg.,All Forms,,,,,,
Artificer,Hero Board Ability,Offensive Ability,Overclock,[bolt] ×4,,,,Deal 6 undefendable dmg. Then Activate up to 2 different Bots (ignore normal activation requirements).,All Forms,,,,,,
Artificer,Hero Board Ability,Offensive Ability,Zapppp!,Large Straight,,,,Inflict Nanite. Deal 9 dmg. Then Activate any one Bot (ignore normal activation requirements).,All Forms,,,,,,
Artificer,Hero Board Ability,Defensive Ability,Ratchet Up,Defense Roll 4 [dice],,,,"Gain 1 × [gear] Synth. On [bolt], inflict Nanite.",All Forms,,,,,,
Artificer,Hero Board Ability,Ultimate Ability,Maximum Power!,[bolt] ×5,,,,"Gain 2 Synth. Inflict Nanite. Deal 10 dmg. Then Activate up to 2 different Bots (ignore normal activation requirements). ULTIMATE — Dice may be altered to prevent an Ultimate. Otherwise, no action of any kind may be performed by any opponent until the ability fully completes.",All Forms,,,,,,
Artificer,Unique Card,Hero Upgrade,Schematics II,[gear] ×3 + [bolt] ×1,,1,,Gain 2 CP. Draw 2 cards. Heal 2. Gain 4 Synth.,All Forms,,,,,,
Artificer,Unique Card,Hero Upgrade,Jolt II / Nuts N' Bolts,Jolt II: Small Straight; Nuts N' Bolts: [wrench] ×3 + [bolt] ×1,,2,,JOLT II — Gain Synth. Inflict 2 Nanites. Then deal 7 dmg. NUTS N' BOLTS — Gain 5 Synth.,All Forms,,,,,,
Artificer,Unique Card,Hero Upgrade,Overclock II / Power Up,Overclock II: [bolt] ×4; Power Up: [bolt] ×3,,2,,OVERCLOCK II — Inflict Nanite. Deal 6 undefendable dmg. Then Activate up to 2 different Bots (ignore normal activation requirements). POWER UP — Inflict 3 Nanites on a chosen opponent.,All Forms,,,,,,
Artificer,Unique Card,Hero Upgrade,Eureka II / Scratch Built,Eureka II: [wrench] ×2 + [gear] ×3; Scratch Built: [wrench] ×2 + [gear] ×2,,2,,EUREKA II — Gain 3 Synth. Then deal 8 dmg. SCRATCH BUILT — Build an Advanced Bot (of any type) or upgrade a Basic Bot to Advanced (no Synth required).,All Forms,,,,,,
Artificer,Unique Card,Hero Upgrade,Scrap Collector II,Passive; Upkeep Phase,,2,,"During your Upkeep Phase, roll 1 [die]: On [wrench], gain Synth. On [gear] or [bolt], gain 2 Synth. At any time, you may pay 4 Synth to inflict a Nanite on a chosen opponent.",All Forms,,,,,,
Artificer,Unique Card,Hero Upgrade,Ratchet Up II,Defense Roll 5 [dice],,3,,"On [wrench] [wrench], deal 1 dmg. Gain 1 × [gear] Synth. Inflict 1 × [bolt] Nanite.",All Forms,,,,,,
Artificer,Unique Card,Hero Upgrade,Zapppp! II / Swarming Bots,Zapppp! II: Large Straight; Swarming Bots: [wrench] ×1 + [gear] ×2 + [bolt] ×1,,2,,ZAPPPP! II — Gain 2 Synth. Inflict Nanite. Deal 9 dmg. Then Activate any one Bot (ignore normal activation requirements). SWARMING BOTS — Deal 5 dmg. Add 1 dmg for each Bot you have built.,All Forms,,,,,,
Artificer,Unique Card,Hero Upgrade,Spanner Strike II,[wrench] ×3 / [wrench] ×4 / [wrench] ×5,,1,,"[wrench] ×3: Deal 4 dmg. [wrench] ×4: Deal 5 dmg. [wrench] ×5: Deal 6 dmg. Roll 1 [die] or spend a Synth to roll 3 [dice] instead: On [wrench], add 1 dmg. On [gear], add 2 dmg. Gain 1 × [bolt] Synth.",All Forms,,,,,,
Artificer,Unique Card,Roll Phase Action,Arcing Shield,,,0,,Play only after being Attacked. Prevent 2 incoming dmg. You may spend 1 Synth to prevent 3 instead.,All Forms,,,,,,
Artificer,Unique Card,Instant Action,High Voltage!,,,1,,Gain 2 Synth.,All Forms,,,,,,
Artificer,Unique Card,Instant Action,Oooh Shiny!,,,0,,Roll 1 [die]: Gain ½ the value as Synth (rounded up).,All Forms,,,,,,
Artificer,Unique Card,Instant Action,Nanite Assault!,,,1,,Inflict Nanite on a chosen opponent.,All Forms,,,,,,
Artificer,Unique Card,Instant Action,Conductivity!,,,0,,"Roll 1 [die]: On [wrench], gain 2 CP. On [gear], gain Synth. On [bolt], inflict Nanite.",All Forms,,,,,,
Artificer,Unique Card,Roll Phase Action,Robo Revenge!,,,1,,Play only after being Attacked. Prevent 2 incoming dmg. Inflict Nanite on your Attacker.,All Forms,,,,,,
Tactician,Status Effect,Positive Status Effect,Tactical Advantage,,5,,,A player with these tokens may spend them at any time to activate a variety of effects: 1 token: Gain 1 CP. 1 token: You may re-roll 1 of your dice at any time. 3 tokens: Draw 1. 3 tokens: Inflict Targeted on a chosen opponent. 4 tokens: A chosen player gains Protect. 4 tokens: Transfer one status effect from any player to any player. This may only be done during your Main Phase.,All Forms,,,,,,
Tactician,Status Effect,Negative Status Effect,Constrict,,1,,,"Spend 1 CP per additional Roll Attempt: During their next Offensive Roll Phase, a player afflicted with this token must pay 1 CP per Roll Attempt beyond the first. At the conclusion of the Roll Phase, remove this token.",All Forms,,,,,,
Tactician,Status Effect,Negative Status Effect,Targeted,,1,,,"+2 incoming Attack damage: When a player afflicted with this token is Attacked by an opponent, the attacker increases their dmg by 2. Attack Modifier. Persistent.",All Forms,,,,,,
Tactician,Status Effect,Positive Status Effect,Protect,,1,,,Prevent ½ incoming damage: A player with this token may spend it at any time to prevent ½ incoming damage (rounded up).,All Forms,,,,,,
Tactician,Character Die,Die Symbol,Saber,,,,1; 2; 3,Saber.,All Forms,,,,,,
Tactician,Character Die,Die Symbol,Flag,,,,4; 5,Flag.,All Forms,,,,,,
Tactician,Character Die,Die Symbol,Medal,,,,6,Medal.,All Forms,,,,,,
Tactician,Hero Board Ability,Offensive Ability,Saber Strike,[saber] ×3 / [saber] ×4 / [saber] ×5,,,,[saber] ×3: Deal 4 dmg. [saber] ×4: Deal 5 dmg. [saber] ×5: Deal 6 dmg.,All Forms,,,,,,
Tactician,Hero Board Ability,Offensive Ability,Carpet Bomb,[saber] ×2 + [medal] ×2,,,,Gain 1 Tactical Advantage. Then deal 2 collateral dmg to two different chosen opponents.,All Forms,,,,,,
Tactician,Hero Board Ability,Offensive Ability,Profiteer,[flag] ×3 + [saber] ×1,,,,"Gain Tactical Advantage & roll 1 [die]: On [saber], deal 5 dmg. On [flag], gain 4 Tactical Advantage. On [medal], draw 1 card. Then immediately begin an additional Offensive Roll Phase.",All Forms,,,,,,
Tactician,Hero Board Ability,Offensive Ability,Strategic Approach,[saber] ×3 + [medal] ×2,,,,Inflict Constrict. Deal 7 dmg.,All Forms,,,,,,
Tactician,Hero Board Ability,Offensive Ability,Flank,Small Straight,,,,Gain Tactical Advantage. Then deal 6 dmg.,All Forms,,,,,,
Tactician,Hero Board Ability,Offensive Ability,Maneuver,[medal] ×4,,,,Gain 5 Tactical Advantage. Then deal 5 undefendable dmg.,All Forms,,,,,,
Tactician,Hero Board Ability,Offensive Ability,Exploit,Large Straight,,,,Gain 2 Tactical Advantage. Inflict Constrict. Then deal 9 dmg.,All Forms,,,,,,
Tactician,Hero Board Ability,Defensive Ability,Countermeasures,Defense Roll 4 [dice],,,,"For every [saber] [saber], deal 1 dmg. Prevent 1 × [flag] dmg. Gain 1 × [medal] Tactical Advantage.",All Forms,,,,,,
Tactician,Hero Board Ability,Ultimate Ability,Higher Ground!,[medal] ×5,,,,"Inflict Targeted & Constrict. Increase Tactical Advantage stack limit by 1. Then gain max Tactical Advantage & deal 12 dmg. ULTIMATE — Dice may be altered to prevent an Ultimate. Otherwise, no action of any kind may be performed by any opponent until the ability fully completes.",All Forms,,,,,,
Tactician,Unique Card,Hero Upgrade,Flank II,Small Straight,,2,,Gain 2 Tactical Advantage. Then deal 6 dmg.,All Forms,,,,,,
Tactician,Unique Card,Hero Upgrade,Strategic Approach II / Indirect Approach,Strategic Approach II: [saber] ×3 + [medal] ×2; Indirect Approach: [saber] ×3 + [flag] ×1,,2,,STRATEGIC APPROACH II — Gain Tactical Advantage. Inflict Constrict. Then deal 7 dmg. INDIRECT APPROACH — Gain 2 Tactical Advantage. Then deal 2 undefendable dmg.,All Forms,,,,,,
Tactician,Unique Card,Hero Upgrade,Exploit II / Interdiction,Exploit II: Large Straight; Interdiction: [saber] ×1 + [flag] ×2 + [medal] ×1,,2,,EXPLOIT II — Gain 3 Tactical Advantage. Inflict Constrict. Then deal 9 dmg. INTERDICTION — Draw 2. Inflict Constrict on a chosen opponent.,All Forms,,,,,,
Tactician,Unique Card,Hero Upgrade,Countermeasures III,Defense Roll 5 [dice],,5,,"For every [saber] [saber], deal 2 dmg. Prevent 1 × [flag] dmg. Gain 1 × [medal] Tactical Advantage.",All Forms,,,,,,
Tactician,Unique Card,Hero Upgrade,Saber Strike II,[saber] ×3 / [saber] ×4 / [saber] ×5,,1,,"[saber] ×3: Deal 5 dmg. [saber] ×4: Deal 6 dmg. [saber] ×5: Deal 7 dmg. On 3-of-a-kind (#'s), inflict Constrict.",All Forms,,,,,,
Tactician,Unique Card,Hero Upgrade,Maneuver II / Reconnaissance,Maneuver II: [medal] ×4; Reconnaissance: [medal] ×3,,2,,MANEUVER II — Gain 5 Tactical Advantage. Inflict Constrict. Then deal 5 undefendable dmg. RECONNAISSANCE — Gain 5 Tactical Advantage.,All Forms,,,,,,
Tactician,Unique Card,Hero Upgrade,Countermeasures II,Defense Roll 5 [dice],,3,,"For every [saber] [saber], deal 1 dmg. Prevent 1 × [flag] dmg. Gain 1 × [medal] Tactical Advantage.",All Forms,,,,,,
Tactician,Unique Card,Hero Upgrade,Profiteer II,[saber] ×1 + [flag] ×3,,2,,"Gain 2 Tactical Advantage & roll 1 [die]: On [saber], deal 6 dmg. On [flag], gain 3 Tactical Advantage. On [medal], draw 1. Then immediately begin an additional Offensive Roll Phase.",All Forms,,,,,,
Tactician,Unique Card,Hero Upgrade,Carpet Bomb II / Strategize,Carpet Bomb II: [saber] ×2 + [medal] ×2; Strategize: [flag] ×4,,2,,CARPET BOMB II — Gain 2 Tactical Advantage. Then deal 2 collateral dmg to two different chosen opponents. STRATEGIZE — Gain 3 Tactical Advantage. Draw 2 cards.,All Forms,,,,,,
Tactician,Unique Card,Main Phase Action,Bunker Up!,,,2,,A chosen player gains Protect.,All Forms,,,,,,
Tactician,Unique Card,Roll Phase Action,Feigned Retreat!,,,2,,Play only after being Attacked. Inflict Constrict on your Attacker. Prevent 3 incoming dmg.,All Forms,,,,,,
Tactician,Unique Card,Main Phase Action,War Room!,,,1,,Roll 1 [die]: Gain ½ the value as Tactical Advantage (rounded up).,All Forms,,,,,,
Tactician,Unique Card,Roll Phase Action,Disengage!,,,0,,"Play only after being Attacked. Roll 1 [die]: On [saber], deal 2 dmg. On [flag], prevent 3 dmg. On [medal], gain Protect.",All Forms,,,,,,
Tactician,Unique Card,Instant Action,Ambush!,,,1,,Gain 2 Tactical Advantage.,All Forms,,,,,,
Samurai,Status Effect,Negative Status Effect,Shame,,2,,,"Reduces Attack dmg by 1: When a player afflicted with Shame concludes their Offensive Roll Phase with an Attack, remove this token and reduce that Attack dmg by 1. Attack Modifier.",All Forms,,,,,,
Samurai,Status Effect,Positive Status Effect,Honor,,2,,,Spend to increase Attack dmg: Spend to increase your Attack dmg by 1 or spend 2 Honor to increase your Attack dmg by 3. Attack Modifier.,All Forms,,,,,,
Samurai,Status Effect,Positive Status Effect,Back Strike,,1,,,"Spend to deal ½ of 1 [die] dmg: When a player with Back Strike receives dmg as a result of an opponent's Offensive Roll Phase, they may choose to spend this token. If spent, roll 1 [die]. Then deal ½ the value as dmg (rounded up) to the attacking player.",All Forms,,,,,,
Samurai,Character Die,Die Symbol,Katana,,,,1; 2; 3,Katana.,All Forms,,,,,,
Samurai,Character Die,Die Symbol,Kabuto,,,,4; 5,Kabuto.,All Forms,,,,,,
Samurai,Character Die,Die Symbol,Rising Sun,,,,6,Rising Sun.,All Forms,,,,,,
Samurai,Hero Board Ability,Offensive Ability,Katana Slice,[katana] ×3 / [katana] ×4 / [katana] ×5,,,,[katana] ×3: Deal 5 dmg. [katana] ×4: Deal 6 dmg. [katana] ×5: Deal 7 dmg.,All Forms,,,,,,
Samurai,Hero Board Ability,Offensive Ability,Wakizashi,[katana] ×2 + [rising sun] ×2,,,,Gain Back Strike. Deal 3 undefendable dmg.,All Forms,,,,,,
Samurai,Hero Board Ability,Passive Ability,Bushido,Passive; game setup and conclusion of turn,,,,"If you are the first player to begin the game, gain Honor. At the conclusion of your turn, if you used less than 3 rolls during your Offensive Roll Phase, gain Honor.",All Forms,,,,,,
Samurai,Hero Board Ability,Offensive Ability,Solemnity,[katana] ×2 + [kabuto] ×3,,,,Inflict Shame. Deal 7 dmg.,All Forms,,,,,,
Samurai,Hero Board Ability,Offensive Ability,Budō,Small Straight,,,,Gain Honor. Then deal 6 dmg.,All Forms,,,,,,
Samurai,Hero Board Ability,Offensive Ability,Hagakure,[rising sun] ×4,,,,Gain Honor. Gain Back Strike. Inflict Shame. Then deal 5 undefendable dmg.,All Forms,,,,,,
Samurai,Hero Board Ability,Offensive Ability,Masamune,Large Straight,,,,"Deal 7 dmg & roll 4 [dice]: Add 1 × [katana] dmg. Inflict 1 × [kabuto] Shame. On [rising sun], gain Back Strike.",All Forms,,,,,,
Samurai,Hero Board Ability,Defensive Ability,Stand Tall,Defense Roll 3 [dice],,,,"Deal 1 × [katana] dmg. Prevent 1 × [kabuto] dmg. On [rising sun], prevent 2 dmg. If no [kabuto] or [rising sun] were rolled, gain Shame (Shame yourself).",All Forms,,,,,,
Samurai,Hero Board Ability,Ultimate Ability,Shogun!,[rising sun] ×5,,,,"Gain Honor. Inflict 2 Shame. Then deal 13 dmg. ULTIMATE — Dice may be altered to prevent an Ultimate. Otherwise, no action of any kind may be performed by any opponent until the ability fully completes.",All Forms,,,,,,
Samurai,Unique Card,Hero Upgrade,Stand Tall II,Defense Roll 4 [dice],,3,,"Deal 1 × [katana] dmg. Prevent 1 × [kabuto] dmg. On [rising sun], prevent 2 dmg.",All Forms,,,,,,
Samurai,Unique Card,Hero Upgrade,Katana Slice II,[katana] ×3 / [katana] ×4 / [katana] ×5,,2,,"[katana] ×3: Deal 6 dmg. [katana] ×4: Deal 7 dmg. [katana] ×5: Deal 8 dmg. On 4-of-a-kind (#'s), inflict Shame.",All Forms,,,,,,
Samurai,Unique Card,Hero Upgrade,Solemnity II / Solemn,Solemnity II: [katana] ×2 + [kabuto] ×3; Solemn: [kabuto] ×3,,2,,SOLEMNITY II — Inflict 2 Shame. Deal 8 dmg. SOLEMN — Inflict 2 Shame.,All Forms,,,,,,
Samurai,Unique Card,Hero Upgrade,Hagakure II / Haga,Hagakure II: [rising sun] ×4; Haga: [rising sun] ×3,,2,,HAGAKURE II — Gain Honor. Gain Back Strike. Inflict 2 Shame. Then deal 7 undefendable dmg. HAGA — Gain Honor. Inflict 2 Shame. Then deal 2 undefendable dmg.,All Forms,,,,,,
Samurai,Unique Card,Hero Upgrade,Katana Slice III,[katana] ×3 / [katana] ×4 / [katana] ×5,,3,,"[katana] ×3: Deal 6 dmg. [katana] ×4: Deal 7 dmg. [katana] ×5: Deal 8 dmg. On 3-of-a-kind (#'s), inflict Shame.",All Forms,,,,,,
Samurai,Unique Card,Hero Upgrade,Budō II,Small Straight,,2,,Gain Honor. Then deal 8 dmg.,All Forms,,,,,,
Samurai,Unique Card,Hero Upgrade,Wakizashi II,[katana] ×2 + [rising sun] ×2,,1,,Gain Back Strike. Deal 4 undefendable dmg.,All Forms,,,,,,
Samurai,Unique Card,Hero Upgrade,Masamune II / Empower,Masamune II: Large Straight; Empower: [katana] ×1 + [kabuto] ×1 + [rising sun] ×1,,2,,"MASAMUNE II — Deal 7 dmg & roll 5 [dice]: Add 1 × [katana] dmg. Inflict 1 × [kabuto] Shame. On [rising sun], gain Back Strike. EMPOWER — Gain Back Strike.",All Forms,,,,,,
Samurai,Unique Card,Hero Upgrade,Wakizashi III,[katana] ×2 + [rising sun] ×2,,2,,Gain Back Strike. Inflict Shame. Deal 4 undefendable dmg.,All Forms,,,,,,
Samurai,Unique Card,Main Phase Action,Shame on You!,,,1,,Inflict 2 Shame on a chosen opponent.,All Forms,,,,,,
Samurai,Unique Card,Roll Phase Action (Attack Modifier),Gishi!,,,1,,"Roll 1 [die]: On [katana], add 2 dmg. On [kabuto], inflict 2 Shame. On [rising sun], gain Back Strike.",All Forms,,,,,,
Samurai,Unique Card,Roll Phase Action (Attack Modifier),Follow Through!,,,1,,Roll 5 [dice]: Add 1 × [katana] dmg. Inflict Shame.,All Forms,,,,,,
Samurai,Unique Card,Main Phase Action,Don't Back Down!,,,1,,Gain Back Strike.,All Forms,,,,,,
Samurai,Unique Card,Main Phase Action,Honorable!,,,1,,Gain 2 Honor.,All Forms,,,,,,
Seraph,Status Effect,Positive Status Effect,Flight,,3,,,"Roll 2 [dice] to dodge or make undefendable: A player with this token may spend it at any time during the Roll Phase. Once spent, roll 2 [dice]. If a 6 was rolled, activate this token. If activated during the Offensive Roll Phase, this player's Attack becomes undefendable. If activated during the Defensive Roll Phase, ignore all incoming damage.",All Forms,,,,,,
Seraph,Status Effect,Negative Status Effect,Blinding Light,,1,,,"Roll 1 [die] to fail or reduce Attack dmg: The next time a player afflicted with this token concludes their Offensive Roll Phase, they must remove this token and roll 1 [die]: On 1, their Offensive Roll Phase has no effect of any kind. On 2–3, any dmg they deal for the remainder of the Roll Phase is reduced by ½ (rounded up).",All Forms,,,,,,
Seraph,Status Effect,Positive Status Effect,Cleanse,,3,,,Remove one status effect: A player with this token may discard it at any time to remove a single status effect from themselves.,All Forms,,,,,,
Seraph,Status Effect,Unique Status Effect,Holy Presence,,2,,,"Deal 1 dmg to all opponents: During their Upkeep Phase, a player with this token deals 1 dmg to all opponents. This token may not be transferred by any means (but can be removed).",All Forms,,,,,,
Seraph,Status Effect,Unique Status Effect,Blessing of Divinity,,1,,,"Prevent being defeated: The next time a player (or team) with this token would have their health reduced to 0, remove this token and set their health to 1 instead. This token may not be removed or transferred by any other means.",All Forms,,,,,,
Seraph,Character Die,Die Symbol,Blade,,,,1; 2; 3,Blade.,All Forms,,,,,,
Seraph,Character Die,Die Symbol,Wings,,,,4,Wings.,All Forms,,,,,,
Seraph,Character Die,Die Symbol,Cross,,,,5,Cross.,All Forms,,,,,,
Seraph,Character Die,Die Symbol,Angelic Pendant,,,,6,Angelic Pendant.,All Forms,,,,,,
Seraph,Hero Board Ability,Offensive Ability,Holy Blade,[blade] ×3 / [blade] ×4 / [blade] ×5,,,,[blade] ×3: Deal 5 dmg. [blade] ×4: Deal 6 dmg. [blade] ×5: Deal 7 dmg.,All Forms,,,,,,
Seraph,Hero Board Ability,Offensive Ability,Glorious,[blade] ×3 + [wings],,,,Gain Flight. Then deal 6 dmg.,All Forms,,,,,,
Seraph,Hero Board Ability,Offensive Ability,Purify,[cross] ×2 + [angelic pendant],,,,"Choose a player. If that player is an opponent, deal 5 undefendable dmg. Otherwise, that player Heals 4. Additionally, you may remove a status effect from that player.",All Forms,,,,,,
Seraph,Hero Board Ability,Offensive Ability,Holy Smite,[blade] + [wings] + [cross] + [angelic pendant],,,,"Roll 4 [dice]: Deal 2 × [blade] undefendable dmg. On [wings], gain Flight. On [cross], gain Cleanse. On [angelic pendant], inflict Blinding Light.",All Forms,,,,,,
Seraph,Hero Board Ability,Offensive Ability,Triumphant,Small Straight,,,,"Deal 6 dmg & roll 1 [die]: On [blade], add 1 dmg. On [wings], add 2 dmg. On [cross], add 3 dmg. On [angelic pendant], this Attack becomes undefendable.",All Forms,,,,,,
Seraph,Hero Board Ability,Offensive Ability,Highest Power,[angelic pendant] ×4,,,,Gain Flight & Holy Presence. Inflict Blinding Light. Then deal 8 dmg.,All Forms,,,,,,
Seraph,Hero Board Ability,Offensive Ability,Archangel's Will,Large Straight,,,,Gain Flight. Inflict Blinding Light. Then deal 8 dmg.,All Forms,,,,,,
Seraph,Hero Board Ability,Defensive Ability,Angelic Mantle,Defense Roll 1 [die],,,,"On [blade], deal 2 dmg. On [wings], prevent 1 dmg. On [cross], prevent 2 dmg. On [angelic pendant], prevent 3 dmg.",All Forms,,,,,,
Seraph,Hero Board Ability,Ultimate Ability,Split the Heavens!,[angelic pendant] ×5,,,,"Gain Flight, Holy Presence, & Blessing of Divinity. Deal 13 dmg. ULTIMATE — Dice may be altered to prevent an Ultimate. Otherwise, no action of any kind may be performed by any opponent until the ability fully completes.",All Forms,,,,,,
Seraph,Unique Card,Hero Upgrade,Holy Blade II / Cherubim,Holy Blade II: [blade] ×3 / [blade] ×4 / [blade] ×5; Cherubim: [blade] ×3 + [angelic pendant],,2,,HOLY BLADE II — [blade] ×3: Deal 6 dmg. [blade] ×4: Deal 7 dmg. [blade] ×5: Deal 8 dmg. CHERUBIM — Gain Flight & Holy Presence.,All Forms,,,,,,
Seraph,Unique Card,Hero Upgrade,Glorious II / Take Flight,Glorious II: [blade] ×3 + [wings]; Take Flight: [blade] + [wings] ×2,,2,,GLORIOUS II — Gain Flight. Then deal 7 dmg. TAKE FLIGHT — Chosen player gains Flight. Deal 3 undefendable dmg.,All Forms,,,,,,
Seraph,Unique Card,Hero Upgrade,Angelic Mantle III,Defense Roll 1 [die],,3,,"On [blade], deal 3 dmg. On [wings], gain Flight. On [cross], prevent 2 dmg. On [angelic pendant], prevent 4 dmg. You may choose to re-roll this die 1 time.",All Forms,,,,,,
Seraph,Unique Card,Hero Upgrade,Triumphant II,Small Straight,,2,,"Deal 8 dmg & roll 1 [die]: On [blade], add 1 dmg. On [wings], add 2 dmg. On [cross], add 3 dmg. On [angelic pendant], this Attack becomes undefendable.",All Forms,,,,,,
Seraph,Unique Card,Hero Upgrade,Angelic Mantle II,Defense Roll 1 [die],,2,,"On [blade], deal 3 dmg. On [wings], gain Flight. On [cross], prevent 2 dmg. On [angelic pendant], prevent 3 dmg.",All Forms,,,,,,
Seraph,Unique Card,Hero Upgrade,Archangel's Will II / Heaven's Blessing,Archangel's Will II: Large Straight; Heaven's Blessing: [blade] + [cross] ×2,,2,,ARCHANGEL'S WILL II — Gain Flight. Inflict Blinding Light. Then deal 9 dmg. HEAVEN'S BLESSING — Chosen player gains 2 Cleanse & 2 Flight.,All Forms,,,,,,
Seraph,Unique Card,Hero Upgrade,Holy Blade III / Cherubim II,Holy Blade III: [blade] ×3 / [blade] ×4 / [blade] ×5; Cherubim II: [blade] ×3 + [angelic pendant],,3,,"HOLY BLADE III — [blade] ×3: Deal 5 dmg. [blade] ×4: Deal 7 dmg. [blade] ×5: Deal 9 dmg. On 4-of-a-kind (#'s), inflict Blinding Light. CHERUBIM II — Gain Cleanse, Flight, & Holy Presence.",All Forms,,,,,,
Seraph,Unique Card,Hero Upgrade,Holy Smite II / Holy Command,Holy Smite II: [blade] + [wings] + [cross] + [angelic pendant]; Holy Command: [blade] ×3 + [cross],,2,,"HOLY SMITE II — Roll 4 [dice]: Deal 2 × [blade] undefendable dmg. Gain 1 × [wings] Flight. Gain 1 × [cross] Cleanse. On [angelic pendant], inflict Blinding Light. HOLY COMMAND — Heal 1. Deal 4 undefendable dmg.",All Forms,,,,,,
Seraph,Unique Card,Hero Upgrade,Purify II,[cross] ×2 + [angelic pendant],,2,,"Choose a player. You may remove a status effect from this player. If they are an opponent, deal 6 undefendable dmg. Otherwise, they Heal 5.",All Forms,,,,,,
Seraph,Unique Card,Hero Upgrade,Highest Power II / Divine Visage,Highest Power II: [angelic pendant] ×4; Divine Visage: [angelic pendant] ×3,,2,,"HIGHEST POWER II — Gain Flight & Holy Presence. Inflict Blinding Light. Then deal 10 dmg. DIVINE VISAGE — Gain Holy Presence, 2 Flight, & 2 Cleanse. Inflict Blinding Light.",All Forms,,,,,,
Seraph,Unique Card,Main Phase Action,To the Skies!,,,1,,A chosen player gains Flight.,All Forms,,,,,,
Seraph,Unique Card,Roll Phase Action (Attack Modifier),Smote!,,,1,,"Roll 5 [dice]: Add 1 × [blade] to the total dmg. On [angelic pendant], inflict Blinding Light.",All Forms,,,,,,
Seraph,Unique Card,Main Phase Action,Divine Intervention!,,,4,,Gain Holy Presence. Inflict Blinding Light on a chosen player. A chosen player gains 2 Flight. A chosen player gains Cleanse.,All Forms,,,,,,
Seraph,Unique Card,Roll Phase Action (Attack Modifier),Angelic Combat!,,,1,,"Roll 1 [die]: On [blade], add 3 dmg. On [wings], gain Flight. On [cross], gain Cleanse. On [angelic pendant], gain Holy Presence.",All Forms,,,,,,
Vampire Lord,Status Effect,Positive Status Effect,Blood Power,,5,,,"A player with these tokens may spend them to activate each effect once per turn: 1 token: If your Offensive Roll Phase results in an Attack, add 3 dmg. This counts as an Attack Modifier. 2 tokens: Remove a status effect from a chosen player. This effect may only be activated during your Main Phase. 3 tokens: Draw 2 cards. 4 tokens: Heal equal to the amount of damage your Attack successfully dealt. This effect may only be activated during your Roll Phase. If your Attack successfully deals dmg to an opponent inflicted with 2 Bleed tokens, gain Blood Power at the conclusion of your turn.",All Forms,,,,,,
Vampire Lord,Status Effect,Positive Status Effect,Mesmerize,,1,,,"Force an opponent to re-roll a die: A player with this token may spend it and roll 1 [die]. On 5–6, you may force the opponent to re-roll any 1 die.",All Forms,,,,,,
Vampire Lord,Status Effect,Negative Status Effect,Bleed,,2,,,"Roll 1 [die] in Upkeep Phase. On 1–4, receive 1 dmg; otherwise, remove token: A player afflicted with this token must roll 1 [die] during their Upkeep Phase. On 1–4, they are dealt 1 dmg. On 5–6, remove this token.",All Forms,,,,,,
Vampire Lord,Character Die,Die Symbol,Claw,,,,1; 2; 3,Claw.,All Forms,,,,,,
Vampire Lord,Character Die,Die Symbol,Gaze,,,,4; 5,Gaze.,All Forms,,,,,,
Vampire Lord,Character Die,Die Symbol,Droplet,,,,6,Droplet.,All Forms,,,,,,
Vampire Lord,Hero Board Ability,Offensive Ability,Gouge,[claw] ×3 / [claw] ×4 / [claw] ×5,,,,"[claw] ×3: Deal 3 dmg. [claw] ×4: Deal 5 dmg. [claw] ×5: Deal 7 dmg. On 4-of-a-kind (#'s), gain Blood Power.",All Forms,,,,,,
Vampire Lord,Hero Board Ability,Offensive Ability,Glamour,[gaze] ×3,,,,Gain 1 CP. Gain Mesmerize. Deal 4 undefendable dmg.,All Forms,,,,,,
Vampire Lord,Hero Board Ability,Offensive Ability,Sanguimancy,[gaze] ×3 + [droplet],,,,Heal 2. Gain 3 Blood Power.,All Forms,,,,,,
Vampire Lord,Hero Board Ability,Offensive Ability,Rend,[claw] ×3 + [droplet] ×2,,,,"Deal 6 dmg. Then roll 3 [dice]: Add 1 × [claw] dmg. On [gaze], draw 1 card. On [droplet], gain Blood Power.",All Forms,,,,,,
Vampire Lord,Hero Board Ability,Offensive Ability,Possess,Small Straight,,,,"Deal 7 dmg & roll 1 [die]: On [claw], inflict Bleed. On [gaze] or [droplet], gain Mesmerize.",All Forms,,,,,,
Vampire Lord,Hero Board Ability,Offensive Ability,Blood Thirst,[droplet] ×4,,,,Gain 2 Blood Power. Then deal 5 undefendable dmg.,All Forms,,,,,,
Vampire Lord,Hero Board Ability,Offensive Ability,Blood Magic,Large Straight,,,,Gain Blood Power. Inflict Bleed. Then deal 8 dmg. You may spend Mesmerize to make this undefendable dmg.,All Forms,,,,,,
Vampire Lord,Hero Board Ability,Defensive Ability,Immortal Flesh,Defense Roll 3 [dice],,,,"On [claw] ×2, inflict Bleed. On [gaze] ×2, gain Blood Power. Steal 1 Health per [droplet] rolled.",All Forms,,,,,,
Vampire Lord,Hero Board Ability,Ultimate Ability,Exsanguinate!,[droplet] ×5,,,,"Search your deck for any 1 card. Put it into your hand and shuffle your deck. Gain 2 Blood Power. Then deal 10 dmg. ULTIMATE — Dice may be altered to prevent an Ultimate. Otherwise, no action of any kind may be performed by any opponent until the ability fully completes.",All Forms,,,,,,
Vampire Lord,Unique Card,Hero Upgrade,Glamour II / Influence,Glamour II: [gaze] ×3; Influence: [claw] + [gaze] ×2,,2,,GLAMOUR II — Gain 1 CP. Gain Mesmerize. Deal 5 undefendable dmg. INFLUENCE — Gain Mesmerize. Inflict 2 Bleed on a chosen opponent.,All Forms,,,,,,
Vampire Lord,Unique Card,Hero Upgrade,Possess II / Draw Blood,Possess II: Small Straight; Draw Blood: [claw] ×2 + [droplet],,2,,POSSESS II — Deal 8 dmg. Inflict Bleed or gain Mesmerize. DRAW BLOOD — Gain 2 Blood Power.,All Forms,,,,,,
Vampire Lord,Unique Card,Hero Upgrade,Rend II,[claw] ×3 + [droplet] ×2,,2,,"Deal 6 dmg. Then roll 5 [dice]: Add 1 × [claw] dmg. On [gaze], draw 1 card. On [droplet], gain Blood Power.",All Forms,,,,,,
Vampire Lord,Unique Card,Hero Upgrade,Immortal Flesh II,Defense Roll 4 [dice],,2,,"On [claw] ×2, inflict Bleed. On [gaze] ×2, gain Blood Power. Steal 1 Health per [droplet] rolled.",All Forms,,,,,,
Vampire Lord,Unique Card,Hero Upgrade,Sanguimancy II / Presence,Sanguimancy II: [gaze] ×3 + [droplet]; Presence: [claw] + [gaze] + [droplet] ×2,,2,,SANGUIMANCY II — Heal 3. Gain 3 Blood Power. PRESENCE — Gain 2 Blood Power. Draw 1 card.,All Forms,,,,,,
Vampire Lord,Unique Card,Hero Upgrade,Blood Thirst II / Hemorrhage,Blood Thirst II: [droplet] ×4; Hemorrhage: [droplet] ×3,,2,,BLOOD THIRST II — Gain 3 Blood Power. Then deal 6 undefendable dmg. HEMORRHAGE — Inflict 2 Bleed. Deal 2 collateral dmg to all opponents.,All Forms,,,,,,
Vampire Lord,Unique Card,Hero Upgrade,Blood Magic II / Gash,Blood Magic II: Large Straight; Gash: [claw] ×2 + [droplet] ×2,,2,,BLOOD MAGIC II — Gain Blood Power. Inflict Bleed. Then deal 8 undefendable dmg. GASH — Deal 5 undefendable dmg.,All Forms,,,,,,
Vampire Lord,Unique Card,Hero Upgrade,Gouge II,[claw] ×3 / [claw] ×4 / [claw] ×5,,1,,"[claw] ×3: Deal 3 dmg. [claw] ×4: Deal 5 dmg. [claw] ×5: Deal 7 dmg. On 3-of-a-kind (#'s), gain Blood Power.",All Forms,,,,,,
Vampire Lord,Unique Card,Hero Upgrade,Gouge III,[claw] ×3 / [claw] ×4 / [claw] ×5,,2,,"[claw] ×3: Deal 4 dmg. [claw] ×4: Deal 6 dmg. [claw] ×5: Deal 8 dmg. On 3-of-a-kind (#'s), gain Blood Power.",All Forms,,,,,,
Vampire Lord,Unique Card,Main Phase Action,Dark Omen!,,,4,,Gain Mesmerize & 2 Blood Power. Inflict Bleed on a chosen opponent.,All Forms,,,,,,
Vampire Lord,Unique Card,Roll Phase Action (Attack Modifier),Limb from Limb!,,,1,,"Roll 5 [dice]: Add 1 × [claw] to the total dmg. If at least 3 dmg was added, inflict Bleed.",All Forms,,,,,,
Vampire Lord,Unique Card,Main Phase Action,Consume Blood!,,,0,,Spend up to 2 Blood Power. Then gain 2 CP per Blood Power spent.,All Forms,,,,,,
Vampire Lord,Unique Card,Roll Phase Action (Attack Modifier),Blood Boil!,,,0,,"Add 1 dmg. Additionally, add 1 more dmg per Bleed token the opponent you are Attacking is inflicted with.",All Forms,,,,,,
Vampire Lord,Unique Card,Main Phase Action,Blood Letting!,,,0,,Gain 1 CP & 1 Blood Power.,All Forms,,,,,,
Vampire Lord,Unique Card,Instant Action,Blood Flow!,,,1,,Roll 1 [die]: Gain ½ the value as Blood Power (rounded up).,All Forms,,,,,,
Huntress,Status Effect,Positive Status Effect,Nyra's Bond,,1,,,"Distribute damage received between Huntress & Nyra: If the Huntress is Attacked while Nyra is Active, she may spend this token. If spent, any damage received as a result of your opponent's Attack may be distributed freely between the Huntress and Nyra. Alternatively, this token may be spent at any time to Heal Nyra 2.",All Forms,,,,,,
Huntress,Status Effect,Negative Status Effect,Bleed,,2,,,"Roll 1 [die] in Upkeep Phase. On 1–4, receive 1 dmg; otherwise, remove token: A player afflicted with this token must roll 1 [die] during their Upkeep Phase. On 1–4, they are dealt 1 dmg. On 5–6, remove this token.",All Forms,,,,,,
Huntress,Companion,Companion Rules,Nyra,,,,,"If you are being Attacked while Nyra is Active, you may choose to pass the full amount of this damage to Nyra instead, unless the opponent is Attacking with their Ultimate Ability. If Nyra receives damage, you may still use your Defensive Ability. If Nyra is Active and your Offensive Roll Phase results in an Attack, increase that dmg by 2. If Nyra is Active during your Offensive Roll Phase, you may deal 1 dmg to her and then re-roll 1 [die]. This may only be done once per turn. HERO SETUP — Begin the game with Nyra's Health Dial Active side face up and her health set to 5.",All Forms,,,1,,,
Huntress,Companion,Companion State,Nyra — Active,,,,,"Health Dial starts at 5. If this dial reads 0, immediately flip it over. While Active, Nyra can receive damage, adds 2 dmg when the Huntress's Offensive Roll Phase results in an Attack, and may take 1 dmg to let the Huntress re-roll 1 [die] once per turn.",All Forms,,,1,,,
Huntress,Companion,Companion State,Nyra — Downed,,,,,"During your Upkeep Phase: If this dial reads at least 5, flip it to make Nyra Active. Otherwise, Heal Nyra 1.",All Forms,,,1,,,
Huntress,Character Die,Die Symbol,Spear,,,,1; 2,Spear.,All Forms,,,,,,
Huntress,Character Die,Die Symbol,Claw,,,,3; 4,Claw.,All Forms,,,,,,
Huntress,Character Die,Die Symbol,Bonded Soul,,,,5,Bonded Soul.,All Forms,,,,,,
Huntress,Character Die,Die Symbol,Saber Tooth,,,,6,Saber Tooth.,All Forms,,,,,,
Huntress,Hero Board Ability,Offensive Ability,Animalistic,[spear] ×3 / [spear] ×4 / [spear] ×5,,,,[spear] ×3: Deal 3 dmg. [spear] ×4: Deal 4 dmg. [spear] ×5: Deal 5 dmg.,All Forms,,,,,,
Huntress,Hero Board Ability,Offensive Ability,Savage,[claw] ×3 + [saber tooth],,,,"Deal 4 dmg & roll 1 [die]: On [spear], add 1 dmg. On [claw], add 2 dmg. On [bonded soul], gain Nyra's Bond. On [saber tooth], inflict Bleed.",All Forms,,,,,,
Huntress,Hero Board Ability,Offensive Ability,Resuscitate,[bonded soul] ×2,,,,Gain Nyra's Bond. Heal Nyra 3.,All Forms,,,,,,
Huntress,Hero Board Ability,Offensive Ability,Feral Instincts,[spear] ×3 + [bonded soul],,,,Gain Nyra's Bond. Deal 2 undefendable dmg.,All Forms,,,,,,
Huntress,Hero Board Ability,Offensive Ability,Onslaught,Small Straight / Large Straight,,,,SMALL STRAIGHT — Inflict Bleed. Deal 4 dmg. LARGE STRAIGHT — Inflict 2 Bleed. Deal 7 dmg.,All Forms,,,,,,
Huntress,Hero Board Ability,Offensive Ability,Feral,[saber tooth] ×4,,,,Heal Nyra 1. Deal 5 undefendable dmg.,All Forms,,,,,,
Huntress,Hero Board Ability,Offensive Ability,Predatory Advance,[spear] ×2 + [claw] ×2 + [bonded soul],,,,Heal Nyra 1. Deal 5 dmg.,All Forms,,,,,,
Huntress,Hero Board Ability,Defensive Ability,Maternal Bond,Defense Roll 3 [dice],,,,"On [spear], deal 1 dmg. Heal Nyra 1 × [bonded soul]. If Nyra is Active: On [claw], deal 2 dmg.",All Forms,,,,,,
Huntress,Hero Board Ability,Ultimate Ability,Jungle Fury!,[saber tooth] ×5,,,,"Gain Nyra's Bond. Inflict 2 Bleed. Deal 12 dmg. ULTIMATE — Dice may be altered to prevent an Ultimate. Otherwise, no action of any kind may be performed by any opponent until the ability fully completes.",All Forms,,,,,,
Huntress,Unique Card,Hero Upgrade,Animalistic II,[spear] ×3 / [spear] ×4 / [spear] ×5,,2,,"[spear] ×3: Deal 4 dmg. [spear] ×4: Deal 5 dmg. [spear] ×5: Deal 6 dmg. On 4-of-a-kind (#'s), inflict Bleed.",All Forms,,,,,,
Huntress,Unique Card,Hero Upgrade,Predatory Advance II / Jugular,Predatory Advance II: [spear] ×2 + [claw] ×2 + [bonded soul]; Jugular: [spear] + [claw] + [saber tooth],,2,,PREDATORY ADVANCE II — Heal Nyra 1. Deal 6 dmg. JUGULAR — Inflict 2 Bleed.,All Forms,,,,,,
Huntress,Unique Card,Hero Upgrade,Feral II / Ferocious,Feral II: [saber tooth] ×4; Ferocious: [saber tooth] ×3,,2,,FERAL II — Heal Nyra 1. Deal 6 undefendable dmg. FEROCIOUS — Heal Nyra 1. Inflict 2 Bleed on a chosen opponent.,All Forms,,,,,,
Huntress,Unique Card,Hero Upgrade,Maternal Bond II,Defense Roll 4 [dice],,2,,"On [spear], deal 1 dmg. Heal Nyra 1 × [bonded soul]. If Nyra is Active: On [claw], deal 2 dmg.",All Forms,,,,,,
Huntress,Unique Card,Hero Upgrade,Resuscitate II,[bonded soul] ×2,,2,,Gain Nyra's Bond. Heal Nyra 2 × [bonded soul].,All Forms,,,,,,
Huntress,Unique Card,Hero Upgrade,Maternal Bond III,Defense Roll 4 [dice],,4,,"Deal 1 × [spear] + 1 × [saber tooth] dmg. Heal Nyra 1 × [bonded soul]. If Nyra is Active: On [claw], deal 2 dmg.",All Forms,,,,,,
Huntress,Unique Card,Hero Upgrade,Onslaught II,Small Straight / Large Straight,,2,,SMALL STRAIGHT — Inflict Bleed. Deal 5 dmg. LARGE STRAIGHT — Inflict 2 Bleed. Deal 8 dmg.,All Forms,,,,,,
Huntress,Unique Card,Hero Upgrade,Savage II / Hunt,Savage II: [claw] ×3 + [saber tooth]; Hunt: [claw] ×2 + [saber tooth],,2,,"SAVAGE II — Deal 5 dmg & roll 1 [die]: On [spear], add 1 dmg. On [claw], add 2 dmg. On [bonded soul], gain Nyra's Bond. On [saber tooth], inflict Bleed. HUNT — Inflict Bleed. Deal 3 dmg.",All Forms,,,,,,
Huntress,Unique Card,Hero Upgrade,Feral Instincts II / Swipe,Feral Instincts II: [spear] ×3 + [bonded soul]; Swipe: [spear] ×2 + [saber tooth],,2,,FERAL INSTINCTS II — Gain Nyra's Bond. Deal 3 undefendable dmg. SWIPE — Inflict Bleed on up to three different chosen opponents.,All Forms,,,,,,
Huntress,Unique Card,Roll Phase Action (Attack Modifier),Prowl!,,,0,,"Roll 1 [die]: On [spear], add 1 dmg. On [claw], add 2 dmg. On [bonded soul], Heal Nyra 1. On [saber tooth], add 3 dmg.",All Forms,,,,,,
Huntress,Unique Card,Instant Action,Resilient!,,,1,,Gain Nyra's Bond.,All Forms,,,,,,
Huntress,Unique Card,Roll Phase Action (Attack Modifier),Pounce!,,,0,,"Roll 5 [dice]: Add 1 × [spear] dmg. On [claw], inflict Bleed.",All Forms,,,,,,
Huntress,Unique Card,Main Phase Action,Blood Bond!,,,1,,Roll 3 [dice]: Heal Nyra 1 + 1 × [bonded soul] + 2 × [saber tooth].,All Forms,,,,,,
Huntress,Unique Card,Main Phase Action,Savage Slash!,,,1,,"Choose a player & roll 1 [die]: On [claw] or [saber tooth], inflict 2 Bleed. Otherwise, inflict 1 Bleed.",All Forms,,,,,,
Wolverine,Status Effect,Unique Status Effect,Alpha,,1,,,"Roll 1 [die] and possibly skip Income Phase: When a player is inflicted with this token as a result of an Attack, they and their Attacker each immediately roll 1 [die]. If the Attacker's roll is less, this token is removed. A player afflicted with this token must skip their Income Phase and then remove this token. This token may not be transferred by any means (but can be removed).",All Forms,,,,,,
Wolverine,Status Effect,Positive Status Effect,Rage,,3,,,Spend to add 3 dmg or draw 1 card: A player with this token may: Spend 1 Rage and discard 1 card to add 3 dmg to their Attack. Attack Modifier. Spend 3 Rage to draw 1 card.,All Forms,,,,,,
Wolverine,Character Die,Die Symbol,Claw,,,,1; 2; 3,Claw.,All Forms,,,,,,
Wolverine,Character Die,Die Symbol,Adamantium,,,,4; 5,Adamantium.,All Forms,,,,,,
Wolverine,Character Die,Die Symbol,Mask,,,,6,Mask.,All Forms,,,,,,
Wolverine,Hero Board Ability,Offensive Ability,Adamantium Claws,[claw] ×3 / [claw] ×4 / [claw] ×5,,,,"[claw] ×3: Deal 4 dmg. [claw] ×4: Deal 5 dmg. [claw] ×5: Deal 6 dmg. On 3-of-a-kind (#'s), heal 2.",All Forms,,,,,,
Wolverine,Hero Board Ability,Offensive Ability,Healing Factor,[adamantium] ×3 + [mask],,,,Heal 4. Gain Rage. Draw 1 card.,All Forms,,,,,,
Wolverine,Hero Board Ability,Offensive Ability,Regenerate,[claw] ×2 + [mask] ×2,,,,Heal 1. Deal 3 undefendable dmg. You may remove one status effect from yourself.,All Forms,,,,,,
Wolverine,Hero Board Ability,Offensive Ability,Hunter,[claw] ×2 + [adamantium] ×3,,,,Draw 1 card. Deal 6 dmg. Roll 4 [dice]. Gain 1 × [mask] Rage.,All Forms,,,,,,
Wolverine,Hero Board Ability,Offensive Ability,Barrage,Small Straight / Large Straight,,,,SMALL STRAIGHT — Heal 1. Gain Rage. Then deal 5 dmg. LARGE STRAIGHT — Heal 2. Gain Rage or inflict Alpha. Then deal 7 dmg.,All Forms,,,,,,
Wolverine,Hero Board Ability,Offensive Ability,Power Level Nine,[mask] ×4,,,,Heal 1. Gain Rage. Inflict Alpha. Then deal 6 undefendable dmg.,All Forms,,,,,,
Wolverine,Hero Board Ability,Offensive Ability,Severe Threat,[claw] ×3 + [mask] ×2,,,,"Deal 7 dmg and roll 3 [dice]: Add 1 × [claw] dmg. On [adamantium], inflict Alpha. On [mask], add 3 dmg.",All Forms,,,,,,
Wolverine,Hero Board Ability,Defensive Ability,Vengeance,Defense Roll 3 [dice],,,,"Deal 1 × [claw] dmg. On [mask], gain Rage.",All Forms,,,,,,
Wolverine,Hero Board Ability,Ultimate Ability,Berserker Rage!,[mask] ×5,,,,"Heal 3. Gain Rage. Then deal 12 dmg. Dmg from this Attack may be divided among opponents in any way desired. ULTIMATE — Dice may be altered to prevent an Ultimate. Otherwise, no action of any kind may be performed by any opponent until the ability fully completes.",All Forms,,,,,,
Wolverine,Unique Card,Hero Upgrade,Vengeful II,Defense Roll 4 [dice],,2,,"Deal 1 × [claw] dmg. On [mask], gain Rage.",All Forms,,,,,,
Wolverine,Unique Card,Roll Phase Action (Attack Modifier),Fastball Special!,,,1,,Gain Rage. Receive 2 dmg. Add 2 dmg.,All Forms,,,,,,
Wolverine,Unique Card,Hero Upgrade,Severe Threat II,[claw] ×3 + [mask] ×2,,2,,"Deal 7 dmg & roll 5 [dice]: Add 1 × [claw] dmg. On [adamantium], inflict Alpha. On [mask], gain Rage or add 3 dmg.",All Forms,,,,,,
Wolverine,Unique Card,Special Discard Effect,Frenzy,,,,,"If this card is discarded as a result of spending Rage, gain Rage.",All Forms,,,,,,
Wolverine,Unique Card,Roll Phase Action,Is That All You Got!?,,,2,,"Play only after being Attacked. Gain 2 Rage. If you were Attacked with defendable damage, you may choose to skip your Defensive Roll to gain 2 CP.",All Forms,,,,,,
Wolverine,Unique Card,Hero Upgrade,Barrage II,Small Straight / Large Straight,,3,,SMALL STRAIGHT — Heal 1. Gain Rage. Then deal 7 dmg. LARGE STRAIGHT — Heal 2. Gain Rage or inflict Alpha. Then deal 9 dmg.,All Forms,,,,,,
Wolverine,Unique Card,Main Phase Action,Feral!,,,0,,"Roll 1 [die]: On [mask], draw 1 card and gain 2 Rage. On any other outcome, draw 1 card.",All Forms,,,,,,
Wolverine,Unique Card,Main Phase Action,Intimidate!,,,0,,A chosen opponent afflicted with Alpha must discard 1 card or take 4 dmg.,All Forms,,,,,,
Wolverine,Unique Card,Hero Upgrade,Power Level Nine II / Levels Rising,Power Level Nine II: [mask] ×4; Levels Rising: [mask] ×3,,2,,POWER LEVEL NINE II — Heal 2. Gain 2 Rage. Inflict Alpha. Then deal 6 undefendable dmg. LEVELS RISING — Gain 2 Rage. Inflict Alpha. Then deal 1 undefendable dmg.,All Forms,,,,,,
Wolverine,Unique Card,Special Discard Effect,Recovery,,,,,"If this card is discarded as a result of spending Rage, roll 2 [dice]: On [mask], return this card to your hand.",All Forms,,,,,,
Wolverine,Unique Card,Hero Upgrade,Adamantium Claws II,[claw] ×3 / [claw] ×4 / [claw] ×5,,0,,"[claw] ×3: Deal 4 dmg. [claw] ×4: Deal 5 dmg. [claw] ×5: Deal 6 dmg. On 3-of-a-kind (#'s), heal 3. Alternatively, on 4-of-a-kind (#'s), heal 4.",All Forms,,,,,,
Wolverine,Unique Card,Special Discard Effect,Astonishing Frenzy,,,,,"If this card is discarded as a result of spending Rage, increase the damage of that Rage token from 3 to 4. Then gain Rage.",All Forms,,,,,,
Wolverine,Unique Card,Special Discard Effect,Astonishing Recovery,,,,,"If this card is discarded as a result of spending Rage, roll 2 [dice]: On [mask], return this card to your hand. If no [mask] was rolled, heal 2.",All Forms,,,,,,
Storm,Companion,Companion Rules,Lightning,,,,,"Activate ability bonus effects or deal dmg: If an Offensive Ability has the outline of a Lightning token next to its name, it may be Charged. When Lightning is gained, place the token on one of these spaces to Charge that ability. When a Charged ability is activated, you may remove the Lightning from it and activate the Charged Effect. If there are ever two Lightning tokens on a single ability, immediately remove them both and deal 2 as an isolated source of undefendable dmg to a chosen opponent. When multiple Lightning are gained simultaneously, they are placed one at a time and may therefore trigger effects in sequence.",All Forms,,,,,,
Storm,Status Effect,Positive Status Effect,Tornado,,4,,,"Gain opponent's dice for your Roll Attempts: A player with this token may spend it at the start of their Offensive Roll Phase. For each token spent, gain an opponent's die. These dice may be included in all Roll Attempts during this Offensive Roll Phase.",All Forms,,,,,,
Storm,Status Effect,Positive Status Effect,Wind Shear,,1,,,Redirect dmg to any opponent: A player with this token may spend it when being Attacked to prevent 2 incoming dmg. Then choose an opponent to receive 2 as an isolated source of undefendable dmg.,All Forms,,,,,,
Storm,Character Die,Die Symbol,Wind,,,,1; 2; 3,Wind.,All Forms,,,,,,
Storm,Character Die,Die Symbol,Rain,,,,4; 5,Rain.,All Forms,,,,,,
Storm,Character Die,Die Symbol,Cyclone,,,,6,Cyclone.,All Forms,,,,,,
Storm,Hero Board Ability,Offensive Ability,Lightning Field,[wind] ×3 / [wind] ×4 / [wind] ×5,,,,[wind] ×3: Deal 5 dmg. [wind] ×4: Deal 6 dmg. [wind] ×5: Deal 7 dmg. Charged Effect: add 3 dmg.,All Forms,,,,,,
Storm,Hero Board Ability,Offensive Ability,Light It Up,[wind] + [rain] ×2 + [cyclone],,,,"Roll 5 [dice]: Gain 1 × [wind] Lightning. For every [rain] ×2, gain Tornado. Gain 1 × [cyclone] Lightning. Charged Effect: gain Wind Shear.",All Forms,,,,,,
Storm,Hero Board Ability,Offensive Ability,Thunderstorm,[wind] ×2 + [rain] ×3,,,,Gain 2 Lightning. Deal 7 dmg. Charged Effect: gain 2 Tornado.,All Forms,,,,,,
Storm,Hero Board Ability,Offensive Ability,Opposites Attract,[wind] ×3 + [cyclone] ×2,,,,"Gain 3 Tornado. Roll 2 [dice]. Deal dmg equal to the total roll value. Charged Effect: after rolling, you may re-roll one or both of these dice.",All Forms,,,,,,
Storm,Hero Board Ability,Offensive Ability,Gust,Small Straight / Large Straight,,,,SMALL STRAIGHT — Gain Wind Shear. Deal 6 dmg. Charged Effect: gain Tornado. LARGE STRAIGHT — Gain Wind Shear. Deal 8 dmg. Charged Effect: gain 2 Tornado.,All Forms,,,,,,
Storm,Hero Board Ability,Offensive Ability,Blizzard,[cyclone] ×4,,,,Gain 3 Tornado. Deal 8 dmg. Charged Effect: this Attack becomes undefendable.,All Forms,,,,,,
Storm,Hero Board Ability,Offensive Ability,Maelstrom,Largest Straight,,,,"Deal 10 dmg. Place Lightning on up to 4 different Offensive Abilities, excluding this one. Charged Effect: gain 1 CP & draw 1 card.",All Forms,,,,,,
Storm,Hero Board Ability,Defensive Ability,Tempestuous,Defense Roll 5 [dice],,,,"On [wind] ×3, gain Tornado. On [rain] ×2, prevent 2 dmg. On [cyclone], gain Lightning.",All Forms,,,,,,
Storm,Hero Board Ability,Ultimate Ability,Tempest!,[cyclone] ×5,,,,"Gain 2 Tornado & Wind Shear. Deal 12 dmg. Charged Effect: gain 2 additional Tornado and add 2 dmg. ULTIMATE — Dice may be altered to prevent an Ultimate. Otherwise, no action of any kind may be performed by any opponent until the ability fully completes.",All Forms,,,,,,
Storm,Unique Card,Hero Upgrade,Gust II,Small Straight / Large Straight,,2,,SMALL STRAIGHT — Gain Wind Shear. Deal 7 dmg. Charged Effect: gain Tornado. LARGE STRAIGHT — Gain Tornado & Wind Shear. Deal 9 dmg. Charged Effect: gain 2 Tornado.,All Forms,,,,,,
Storm,Unique Card,Roll Phase Action,Lightning Strike!,,,0,,"If the ability you are activating is not already Charged, activate its Charged Effect.",All Forms,,,,,,
Storm,Unique Card,Roll Phase Action,Raging Winds!,,,2,,Remove Tornado to double the effect of the next Wind Shear you spend this turn.,All Forms,,,,,,
Storm,Unique Card,Main Phase Action,Twister!,,,1,,Gain 3 Tornado.,All Forms,,,,,,
Storm,Unique Card,Main Phase Action,Dynamic Nature!,,,0,,"Remove one Lightning and roll 3 [dice]: Gain 1 CP × [wind]. On [rain], draw 1 card. On [cyclone], gain Wind Shear.",All Forms,,,,,,
Storm,Unique Card,Main Phase Action,Uncanny!,,,1,,Charge your Maelstrom and Tempest abilities.,All Forms,,,,,,
Storm,Unique Card,Hero Upgrade,Blizzard II / Drizzle,Blizzard II: [cyclone] ×4; Drizzle: [cyclone] ×3,,2,,BLIZZARD II — Gain 3 Tornado. Deal 7 undefendable dmg. Charged Effect: add 3 dmg. DRIZZLE — Gain 3 Tornado and 3 Lightning.,All Forms,,,,,,
Storm,Unique Card,Hero Upgrade,Thunderstorm II / Static,Thunderstorm II: [wind] ×2 + [rain] ×3; Static: [wind] ×3 + [rain] ×2,,2,,"THUNDERSTORM II — Gain 3 Lightning. Deal 7 dmg. Charged Effect: gain 3 Tornado. STATIC — Gain Wind Shear, Tornado, & 3 Lightning.",All Forms,,,,,,
Storm,Unique Card,Main Phase Action,Atmokinesis!,,,0,,"Roll 1 [die]: On [cyclone], gain Tornado and 3 Lightning. On any other outcome, draw 1 card.",All Forms,,,,,,
Storm,Unique Card,Hero Upgrade,Light It Up II,[wind] + [rain] ×2 + [cyclone],,2,,"Gain Lightning & Tornado. Roll 5 [dice]: Gain 1 × [wind] Lightning. For every [rain] ×2, gain Tornado. Gain 1 × [cyclone] Lightning. Charged Effect: gain Wind Shear.",All Forms,,,,,,
Storm,Unique Card,Roll Phase Action,Super Tornado!,,,1,,Remove 3 Tornado to gain five of your opponent's dice for the duration of your Offensive Roll Phase.,All Forms,,,,,,
Storm,Unique Card,Roll Phase Action,My Tip-It!,,,1,,Increase or decrease any one of your dice by the value of 1. A value of 1 cannot be decreased and a value of 6 cannot be increased. Cannot result in a 6.,All Forms,,,,,,
Storm,Unique Card,Roll Phase Action,Tsunami!,,,1,,You may re-roll up to three dice. They can be the same die or different dice in any order.,All Forms,,,,,,
Storm,Unique Card,Roll Phase Action (Attack Modifier),Gale Force!,,,1,,"Roll 4 [dice]: Add 1 × [wind] dmg. On [cyclone], gain Tornado.",All Forms,,,,,,
Storm,Unique Card,Hero Upgrade,Opposites Attract II / Forceful,Opposites Attract II: [wind] ×3 + [cyclone] ×2; Forceful: [wind] ×2 + [cyclone] ×2,,2,,"OPPOSITES ATTRACT II — Gain 4 Tornado. Roll 2 [dice]. Deal dmg equal to the total roll value. Charged Effect: after rolling, you may re-roll one or both of these dice. FORCEFUL — Gain Tornado. Deal 4 undefendable dmg.",All Forms,,,,,,
Psylocke,Character Die,Special Die,Manifest Die,,,,,"This special colored die can be used to help you activate Offensive Abilities or boost your Attack dmg (counts as an Attack Modifier). Reference your Passive Ability, MANIFEST, for additional instructions. The die cannot be altered in any way except by a card or ability that specifically mentions “Manifest die.” However, when it is swapped with one of your other dice to activate an ability, this Manifest die is now treated as if it is one of your 5 normal dice (and therefore can be altered).",All Forms,,,,,,
Psylocke,Status Effect,Negative Status Effect,Paralyze,,1,,,"Prevent opponent from gaining/inflicting status effects: A player afflicted with this token cannot gain or inflict any status effects associated with any of their Offensive Abilities (all other effects of the ability still apply). When a player with this token concludes their Roll Phase, remove it.",All Forms,,,,,,
Psylocke,Status Effect,Positive Status Effect,Agility,,2,,,"Spend & roll 1–3 to avoid ½ damage: When a player with this token receives damage, they may spend it and roll 1 [die]. If the outcome is 1–3, prevent ½ incoming damage (rounded up).",All Forms,,,,,,
Psylocke,Status Effect,Positive Status Effect,Infiltration,,2,,,Alter a player’s defense die: A player with this token may spend it and then choose a die rolled by any player (including themselves) during their Defensive Roll Attempt. The chosen die must be re-rolled.,All Forms,,,,,,
Psylocke,Character Die,Die Symbol,Blade,,,,1; 2,Blade.,All Forms,,,,,,
Psylocke,Character Die,Die Symbol,Psi,,,,3; 4,Psi.,All Forms,,,,,,
Psylocke,Character Die,Die Symbol,Mind,,,,5,Mind.,All Forms,,,,,,
Psylocke,Character Die,Die Symbol,Starlight,,,,6,Starlight.,All Forms,,,,,,
Psylocke,Hero Board Ability,Offensive Ability,Lunge,[blade] ×3 / [blade] ×4 / [blade] ×5,,,,[blade] ×3: Deal 5 dmg. [blade] ×4: Deal 6 dmg. [blade] ×5: Deal 7 dmg.,All Forms,,,,,,
Psylocke,Hero Board Ability,Passive Ability,Manifest,Passive; first Roll Attempt during Offensive Roll Phase,,,,Roll the Manifest die as a part of your first Roll Attempt during your Offensive Roll Phase and then place it here. It can be used to increase your Attack dmg by ½ of the roll value (rounded up) — or — replace a die used during your Offensive Roll Phase.,All Forms,,,,,,
Psylocke,Hero Board Ability,Offensive Ability,Devise,[blade] + [psi] + [mind] + [starlight],,,,"Deal 3 undefendable dmg. If you did not use the Manifest die to activate this ability, gain 1 CP.",All Forms,,,,,,
Psylocke,Hero Board Ability,Offensive Ability,Parry,[blade] ×2 + [psi] ×2 + [starlight],,,,Gain Agility. Deal 7 dmg.,All Forms,,,,,,
Psylocke,Hero Board Ability,Offensive Ability,Stealth,Small Straight / Large Straight,,,,Small Straight: Gain Infiltration. Deal 6 dmg. Large Straight: Inflict Paralyze. Deal 8 dmg.,All Forms,,,,,,
Psylocke,Hero Board Ability,Offensive Ability,Paralysis,[blade] ×2 + [mind] ×2,,,,Inflict Paralyze. Deal 6 dmg.,All Forms,,,,,,
Psylocke,Hero Board Ability,Offensive Ability,Blade Dance,[starlight] ×4,,,,Gain Agility & Infiltration. Deal 6 undefendable dmg.,All Forms,,,,,,
Psylocke,Hero Board Ability,Defensive Ability,Clandestine,Defense Roll 3 [dice],,,,"Deal 1 × [blade] dmg. On [blade] + [mind], draw 1 card. On [blade] + [starlight], gain Agility.",All Forms,,,,,,
Psylocke,Hero Board Ability,Ultimate Ability,Otherworlder!,[starlight] ×5,,,,"Gain Agility. Inflict Paralyze. Deal 11 dmg. ULTIMATE — Dice may be altered to prevent an Ultimate. Otherwise, no action of any kind may be performed by any opponent until the ability fully completes.",All Forms,,,,,,
Psylocke,Unique Card,Roll Phase Action,Forced!,,,1,,"If an opponent afflicted with Paralyze would have gained a Positive Status Effect as a result of activating an Offensive Ability, you gain it instead. If more than one, you choose which one to gain.",All Forms,,,,,,
Psylocke,Unique Card,Hero Upgrade,Stealth II,Small Straight / Large Straight,,2,,Small Straight: Gain 2 Infiltration. Deal 6 dmg. Large Straight: Inflict Paralyze. Deal 9 dmg.,All Forms,,,,,,
Psylocke,Unique Card,Main Phase Action,Shattered!,,,1,,Deal 2 as an isolated source of undefendable dmg to an opponent that is afflicted with Paralyze.,All Forms,,,,,,
Psylocke,Unique Card,Roll Phase Action,Strong Will!,,,1,,Play only after being Attacked. You may remove one Agility token to prevent ½ incoming damage (rounded up).,All Forms,,,,,,
Psylocke,Unique Card,Hero Upgrade,Clandestine II,Defense Roll 3 [dice],,2,,"Deal 2 × [blade] dmg. On [blade] + [mind], draw 1 card. On [blade] + [starlight], gain Agility.",All Forms,,,,,,
Psylocke,Unique Card,Roll Phase Action,Construct!,,,0,,"If you have not yet used your Manifest die this turn, re-roll it.",All Forms,,,,,,
Psylocke,Unique Card,Main Phase Action,Deft Maneuver!,,,0,,Choose an opponent and examine their hand.,All Forms,,,,,,
Psylocke,Unique Card,Instant Action,Backflip!,,,1,,"Gain Agility and roll 1 [die]: On [psi], gain 1 CP. On [mind], draw 1 card. On [starlight], gain 1 additional Agility.",All Forms,,,,,,
Psylocke,Unique Card,Roll Phase Action,Mind Altering!,,,1,,"If you use the Manifest die to increase your Attack damage, heal for the same amount.",All Forms,,,,,,
Psylocke,Unique Card,Hero Upgrade,Blade Dance II / Girded,Blade Dance II: [starlight] ×4; Girded: [starlight] ×3,,2,,BLADE DANCE II — Gain 2 Agility & 2 Infiltration. Deal 6 undefendable dmg. GIRDED — Gain Agility. Deal 2 undefendable dmg.,All Forms,,,,,,
Psylocke,Unique Card,Hero Upgrade,Devise II / Strong Shield,Devise II: [blade] + [psi] + [mind] + [starlight]; Strong Shield: [psi] ×3,,2,,"DEVISE II — Deal 4 undefendable dmg. If you did not use the Manifest die to activate this ability, gain 1 CP. STRONG SHIELD — Gain 2 Infiltration & 2 Agility.",All Forms,,,,,,
Psylocke,Unique Card,Hero Upgrade,Parry II,[blade] ×2 + [psi] ×2 + [starlight],,2,,Gain 2 Agility. Deal 7 dmg.,All Forms,,,,,,
Psylocke,Unique Card,Roll Phase Action (Attack Modifier),Barrage!,,,1,,Roll 3 [dice]. Add 2 × [blade] dmg.,All Forms,,,,,,
Psylocke,Unique Card,Main Phase Action,Depths of the Mind!,,,0,,"Roll 1 [die]: On [starlight], gain 2 Infiltration and 2 Agility. On any other outcome, draw 1 card.",All Forms,,,,,,
Psylocke,Unique Card,Hero Upgrade,Paralysis II / Immobile,Paralysis II: [blade] ×2 + [mind] ×2; Immobile: [psi] + [mind] ×2,,2,,PARALYSIS II — Inflict Paralyze. Deal 7 dmg. IMMOBILE — Gain Agility & Infiltration. Deal 4 dmg.,All Forms,,,,,,
Iceman,Status Effect,Negative Status Effect,Dice Cube,,2,,,"Lowest value die cannot be re-rolled: A player afflicted with this token cannot alter the lowest value die from their first Roll Attempt during their Offensive Roll Phase. If at Stack Limit, this affects the two lowest value dice rolled (instead of one). At the conclusion of the Roll Phase, remove these tokens (even if an Ability wasn't activated successfully).",All Forms,,,,,,
Iceman,Status Effect,Positive Status Effect,Ice Shard,,5,,,Boost abilities or spend to gain Glide: You may spend 5 Ice Shards at any time to gain Glide.,All Forms,,,,,,
Iceman,Status Effect,Unique Status Effect,Glide,,1,,,"Activate a second ability during your turn: If your Offensive Roll Phase resulted in an ability that has a Glide Path, you may spend this token at the conclusion of your opponent's Defensive Roll Phase. If spent, follow the Glide Path to immediately activate an additional Offensive Ability targeting the same opponent (without needing to satisfy the roll objective). This token can only be spent once per turn and cannot be removed or transferred by any means.",All Forms,,,,,,
Iceman,Character Mechanic,Rules Reference,Glide Path,,,,,"This arrow (referred to as a ""Glide Path"") allows a Glide token to be spent to activate a second ability marked by the other end of the arrow (e.g. Hail the King to Thawsome, Frostbite to Everybody Chill, etc.).",All Forms,,,,,,
Iceman,Character Mechanic,Storage Card,The Freezer,,,,,"Store up to 5 Ice Shard and 1 Glide on this card. When a card or ability says ""Store,"" take the specified number of tokens from your leaflet and place them on the front of this card. If more than 5 Ice Shard would be stored here, you may immediately remove 5 of them to Store 1 Glide instead (plus any remaining Ice Shards). Tokens stored here are not ""in play"" (i.e. they do not count toward your Stack Limit and cannot be interacted with, except as a result of cards or abilities that reference The Freezer). Hero Setup: Begin the game with The Freezer card set to the side of your Hero Board.",All Forms,,,,,,
Iceman,Character Die,Die Symbol,Ice,,,,1; 2; 3,Ice.,All Forms,,,,,,
Iceman,Character Die,Die Symbol,Slide,,,,4; 5,Slide.,All Forms,,,,,,
Iceman,Character Die,Die Symbol,Frost,,,,6,Frost.,All Forms,,,,,,
Iceman,Hero Board Ability,Offensive Ability,Frostbite,[ice] ×3 / [ice] ×4 / [ice] ×5,,,,"[ice] ×3: Deal 5 dmg. [ice] ×4: Deal 6 dmg. [ice] ×5: Deal 7 dmg. On 4-of-a-kind (#'s), Store 1 Ice Shard in The Freezer. Then, you may transfer any tokens stored in The Freezer to your Hero Board.",All Forms,,,,,,
Iceman,Hero Board Ability,Offensive Ability,Ice to Meet You,[slide] ×4,,,,"Gain Ice Shard. Inflict Dice Cube. Roll 5 [dice]: Deal 1 × [ice] undefendable dmg. Store 1 × [slide] Ice Shard in The Freezer. For each [frost], gain Glide or draw 1 card.",All Forms,,,,,,
Iceman,Hero Board Ability,Offensive Ability,Everybody Chill,[ice] + [frost] ×3,,,,Gain Ice Shard. Then deal 5 dmg. Choose one: add 1 dmg per Ice Shard; or gain 2 Ice Shard and draw 1 card.,All Forms,,,,,,
Iceman,Hero Board Ability,Offensive Ability,Cold Treat,[ice] ×2 + [slide] ×3,,,,Gain 1 CP. Store 1 Ice Shard in The Freezer. Deal 7 dmg.,All Forms,,,,,,
Iceman,Hero Board Ability,Offensive Ability,Thawsome,Small Straight,,,,Store 2 Ice Shard in The Freezer. Inflict Dice Cube. Deal 6 dmg.,All Forms,,,,,,
Iceman,Hero Board Ability,Offensive Ability,Hail the King,[frost] ×4,,,,"Gain 3 Ice Shard. Inflict Dice Cube. Deal 5 undefendable dmg. Additionally, deal 2 collateral dmg to all opponents.",All Forms,,,,,,
Iceman,Hero Board Ability,Offensive Ability,Hoarfrost,Large Straight,,,,"Store 3 Ice Shard in The Freezer. Then, you may transfer any tokens stored in The Freezer to your Hero Board. Deal 8 dmg.",All Forms,,,,,,
Iceman,Hero Board Ability,Defensive Ability,Rime,Defense Roll 3 [dice],,,,"On [ice], deal 1 dmg. On [slide], prevent 2 dmg. On [frost], deal 2 dmg. On 2-of-a-kind (#'s), Store 1 Ice Shard in The Freezer.",All Forms,,,,,,
Iceman,Hero Board Ability,Ultimate Ability,Ice Storm!,[frost] ×5,,,,"Store 5 Ice Shard in The Freezer. Inflict 2 Dice Cube. Then deal 13 dmg. Ultimate: Dice may be altered to prevent an Ultimate. Otherwise, no action of any kind may be performed by any opponent until the ability fully completes.",All Forms,,,,,,
Iceman,Unique Card,Roll Phase Action (Attack Modifier),I Only Have Ice for You!,,,2,,Add 1 dmg per Ice Shard.,All Forms,,,,,,
Iceman,Unique Card,Main Phase Action,Gliding on Thin Ice!,,,2,,"Roll 1 [die]: On [ice], Store 3 Ice Shard in The Freezer. On [slide], Store 4 Ice Shard in The Freezer. On [frost], Store 5 Ice Shard in The Freezer.",All Forms,,,,,,
Iceman,Unique Card,Hero Upgrade,Cold Treat II / Frosting,Cold Treat II: [ice] ×2 + [slide] ×3; Frosting: [ice] ×2 + [slide] ×2,,2,,COLD TREAT II — Gain 1 CP. Store 2 Ice Shard in The Freezer. Deal 8 dmg. FROSTING — Gain 2 Ice Shard. Inflict 2 Dice Cube.,All Forms,,,,,,
Iceman,Unique Card,Hero Upgrade,Everybody Chill II / Subzero,Everybody Chill II: [ice] + [frost] ×3; Subzero: [ice] ×2 + [frost] ×2,,2,,EVERYBODY CHILL II — Gain 2 Ice Shard. Then deal 5 dmg. Choose one: add 1 dmg per Ice Shard; or gain 2 Ice Shard and draw 1 card. SUBZERO — Deal 5 undefendable dmg.,All Forms,,,,,,
Iceman,Unique Card,Main Phase Action,Froze and Cons!,,,0,,"Remove one Ice Shard from The Freezer. Then roll 1 [die]: On [ice], inflict 2 Dice Cube on a chosen opponent. On [slide], gain 3 CP. On [frost], draw 2 cards.",All Forms,,,,,,
Iceman,Unique Card,Hero Upgrade,Thawsome II,Small Straight,,1,,Store 2 Ice Shard in The Freezer. Inflict Dice Cube. Deal 7 dmg.,All Forms,,,,,,
Iceman,Unique Card,Main Phase Action,Freeze the Day!,,,1,,Remove Ice Shard to deal 3 dmg to an opponent.,All Forms,,,,,,
Iceman,Unique Card,Hero Upgrade,"Hoarfrost II / Icy Come, Icy Go","Hoarfrost II: Large Straight; Icy Come, Icy Go: [slide] ×5",,2,,"HOARFROST II — Store 3 Ice Shard in The Freezer. Then, you may transfer any tokens stored in The Freezer to your Hero Board. Deal 10 dmg. ICY COME, ICY GO — Gain Glide. Inflict 2 Dice Cube. Deal 5 undefendable dmg.",All Forms,,,,,,
Iceman,Unique Card,Instant Action,Ice Cool!,,,1,,You may transfer any tokens stored in The Freezer to your Hero Board.,All Forms,,,,,,
Iceman,Unique Card,Hero Upgrade,Rime II,Defense Roll 4 [dice],,2,,"On [ice], deal 1 dmg. On [slide], prevent 2 dmg. On [frost], deal 2 dmg. On 2-of-a-kind (#'s), Store 2 Ice Shard in The Freezer.",All Forms,,,,,,
Iceman,Unique Card,Instant Action,Ice Sight!,,,1,,Gain 2 Ice Shard.,All Forms,,,,,,
Iceman,Unique Card,Main Phase Action,"I Thaw, I Conquered!",,,0,,"Roll 1 [die]: On [frost], gain Glide. On any other outcome, draw 1 card.",All Forms,,,,,,
Iceman,Unique Card,Instant Action,Winter Punderland!,,,3,,Gain Glide.,All Forms,,,,,,
Iceman,Unique Card,Main Phase Action,Skiing Is Believing!,,,1,,Roll 1 [die]: Gain half the value as Ice Shard (rounded up).,All Forms,,,,,,
Iceman,Unique Card,Hero Upgrade,Hail the King II / Snow Cone,Hail the King II: [frost] ×4; Snow Cone: [frost] ×3,,2,,"HAIL THE KING II — Gain 3 Ice Shard. Inflict Dice Cube. Deal 7 undefendable dmg. Additionally, deal 2 collateral dmg to all opponents. SNOW CONE — Store 8 Ice Shard in The Freezer.",All Forms,,,,,,
Cyclops,Status Effect,Positive Status Effect,Battle Plan,,4,,,"A player with these tokens may spend them to activate each effect once per turn: 1 token: Examine a chosen opponent's hand. 3 tokens: Look at the top three cards of your deck. If any of them are Leadership Cards, you may reveal one of them to your opponent and add it to your hand. Each remaining card may be discarded or put back in any order. 3 tokens: Inflict Focus Fire on a chosen opponent.",All Forms,,,,,,
Cyclops,Status Effect,Positive Status Effect,Support,,3,,,Spend these tokens for a variety of effects: 1 token: A chosen player gains 1 CP. 1 token: A chosen player may re-roll 1 of their dice at any time. 3 tokens: A chosen player may draw 1 card.,All Forms,,,,,,
Cyclops,Status Effect,Negative Status Effect,Focus Fire,,2,,,"+1 incoming Attack dmg: When a player with this token is Attacked by an opponent, the Attacker increases their damage by 1. Attack Modifier. Persistent.",All Forms,,,,,,
Cyclops,Character Die,Die Symbol,Fist,,,,1; 2; 3,Fist.,All Forms,,,,,,
Cyclops,Character Die,Die Symbol,Pouch,,,,4; 5,Pouch.,All Forms,,,,,,
Cyclops,Character Die,Die Symbol,Blast,,,,6,Blast.,All Forms,,,,,,
Cyclops,Hero Board Ability,Offensive Ability,Hand to Hand,[fist] ×3 / [fist] ×4 / [fist] ×5,,,,"[fist] ×3: Deal 4 dmg. [fist] ×4: Deal 5 dmg. [fist] ×5: Deal 7 dmg. On 4-of-a-kind (#'s), gain Battle Plan or Support.",All Forms,,,,,,
Cyclops,Hero Board Ability,Offensive Ability,Target Acquired,[fist] ×4 + [blast],,,,Inflict Focus Fire. Then deal 5 dmg.,All Forms,,,,,,
Cyclops,Hero Board Ability,Offensive Ability,Teamwork,[fist] + [pouch] ×3,,,,"Gain 2 Support. Then deal 5 dmg. If a Leadership Card was previously played this turn, add 2 dmg.",All Forms,,,,,,
Cyclops,Hero Board Ability,Offensive Ability,Never Back Down,[fist] ×3 + [blast] ×2,,,,Gain Battle Plan and Support. Then deal 8 dmg.,All Forms,,,,,,
Cyclops,Hero Board Ability,Offensive Ability,Regroup,Small Straight,,,,"Gain 2 Battle Plan. Then deal 6 dmg. If a Leadership Card was previously played this turn, gain Support.",All Forms,,,,,,
Cyclops,Hero Board Ability,Offensive Ability,Strafe,[blast] ×4,,,,Gain 3 Battle Plan. Inflict Focus Fire. Then deal 5 undefendable dmg.,All Forms,,,,,,
Cyclops,Hero Board Ability,Offensive Ability,Assault,Large Straight,,,,"Gain 3 Battle Plan. Then deal 8 dmg. If a Leadership Card was previously played this turn, add 2 dmg.",All Forms,,,,,,
Cyclops,Hero Board Ability,Defensive Ability,Recourse,Defense Roll 3 [dice],,,,"Prevent 1 × [pouch] dmg. On [blast], you may choose to either deal 3 dmg or prevent 2 dmg.",All Forms,,,,,,
Cyclops,Hero Board Ability,Ultimate Ability,Optic Blast!,[blast] ×5,,,,"Gain 3 Battle Plan and 2 Support. Inflict 2 Focus Fire. Then deal 11 dmg. Ultimate: Dice may be altered to prevent an Ultimate. Otherwise, no action of any kind may be performed by any opponent until the ability fully completes.",All Forms,,,,,,
Cyclops,Unique Card,Instant Action (Leadership Card),Hold!,,,1,,Draw 1 card. Then draw an additional card for each other Leadership Card that was previously played this turn (maximum of 2 additional cards).,All Forms,,,,,,
Cyclops,Unique Card,Roll Phase Action (Attack Modifier; Leadership Card),No Matter What!,,,1,,Add 2 dmg. Then add an additional 2 dmg for each other Leadership Card that was previously played this turn (maximum of 4 additional dmg).,All Forms,,,,,,
Cyclops,Unique Card,Hero Upgrade,Recourse II,Defense Roll 3 [dice],,3,,"Deal 1 × [fist] dmg. Prevent 1 × [pouch] dmg. On [blast], you may choose to either deal 3 dmg or prevent 2 dmg. You may remove 2 Battle Plan to activate your defense against an undefendable Attack.",All Forms,,,,,,
Cyclops,Unique Card,Hero Upgrade,Target Acquired II / Uppercut,Target Acquired II: [fist] ×3 + [blast]; Uppercut: [fist] ×2 + [blast] ×2,,2,,"TARGET ACQUIRED II — Inflict Focus Fire. Then deal 5 dmg. If a Leadership Card was previously played this turn, inflict an additional Focus Fire. UPPERCUT — Deal 5 undefendable dmg.",All Forms,,,,,,
Cyclops,Unique Card,Roll Phase Action (Leadership Card),Never Let Go!,,,1,,Remove Support and Battle Plan to change the value of any one of your dice.,All Forms,,,,,,
Cyclops,Unique Card,Instant Action (Leadership Card),Locked-In!,,,1,,"Inflict Focus Fire on a chosen opponent. If this is the first Leadership Card played this turn, gain Support.",All Forms,,,,,,
Cyclops,Unique Card,Hero Upgrade,Regroup II,Small Straight,,1,,"Gain 3 Battle Plan. Then deal 6 dmg. If a Leadership Card was previously played this turn, add 1 dmg.",All Forms,,,,,,
Cyclops,Unique Card,Roll Phase Action (Leadership Card),Selfless!,,,1,,"A chosen player prevents 3 incoming dmg. If the chosen player was a teammate, you may choose to receive 2 dmg in order to prevent an additional 3 incoming dmg.",All Forms,,,,,,
Cyclops,Unique Card,Hero Upgrade,Assault II / In Sight,Assault II: Large Straight; In Sight: [fist] ×2 + [pouch] ×2,,2,,"ASSAULT II — Gain 4 Battle Plan. Then deal 9 dmg. If a Leadership Card was previously played this turn, add 2 dmg. IN SIGHT — Inflict 2 Focus Fire on a chosen opponent.",All Forms,,,,,,
Cyclops,Unique Card,Hero Upgrade,Strafe II / Check Your Pockets,Strafe II: [blast] ×4; Check Your Pockets: [blast] ×3,,2,,STRAFE II — Gain 3 Battle Plan. Inflict 2 Focus Fire. Then deal 6 undefendable dmg. CHECK YOUR POCKETS — Gain 3 Battle Plan and 3 Support.,All Forms,,,,,,
Cyclops,Unique Card,Roll Phase Action (Attack Modifier; Leadership Card),Attack Now!,,,1,,"Roll 5 [dice]: Add 1 × [fist] dmg. On [blast], inflict Focus Fire.",All Forms,,,,,,
Cyclops,Unique Card,Instant Action (Leadership Card),Pouch Power!,,,0,,Roll 1 [die] plus an additional die for each other Leadership Card that was previously played this turn: Gain 1 × [fist] Support. Gain 1 × [pouch] Battle Plan. Draw 1 × [blast] card.,All Forms,,,,,,
Cyclops,Unique Card,Instant Action (Leadership Card),Never Surrender!,,,1,,"Gain Battle Plan. If another Leadership Card was previously played this turn, gain 3 Battle Plan instead.",All Forms,,,,,,
Cyclops,Unique Card,Hero Upgrade,Never Back Down II,[fist] ×3 + [blast] ×2,,1,,"Gain Battle Plan and Support. Then deal 9 dmg. If a Leadership Card was previously played this turn, gain an additional Battle Plan and Support.",All Forms,,,,,,
Cyclops,Unique Card,Main Phase Action,"No Train, No Gain!",,,0,,"Roll 1 [die]: On [blast], gain 2 Support and 3 Battle Plan. On any other outcome, draw 1 card.",All Forms,,,,,,
Rogue,Status Effect,Negative Status Effect,Influence,,3,,,"Roll 1–3 to lose Roll Attempts: A player afflicted with these tokens must roll 1 [die] at the start of their Offensive Roll Phase per token. For every 1–3 rolled, they get one fewer Roll Attempt. Then remove all of these tokens.",All Forms,,,,,,
Rogue,Status Effect,Positive Status Effect,Ionic Energy,,4,,,"Boosts dmg: A player with this token may choose to spend it to add the indicated number of damage to their Attack. Ionic Energy tokens have a value of 1 or 2. You may only spend up to 2 tokens per turn. Alternatively, pay 1 CP to spend up to 4 tokens this turn. Attack Modifier.",All Forms,,,,,,
Rogue,Status Effect,Positive Status Effect,Skyward,,2,,,"When Attacked, roll to prevent/deal dmg: When a player with this token is Attacked, they may choose to spend it. If spent, you and your Attacker each roll 1 [die]. The player who spent this token may pay 1 CP to re-roll their die (may do this multiple times). If your outcome is greater, deal 3 dmg back to the Attacker. If your outcome is equal, prevent 4 incoming dmg.",All Forms,,,,,,
Rogue,Character Die,Die Symbol,Touch,,,,1; 2; 3,Touch.,All Forms,,,,,,
Rogue,Character Die,Die Symbol,Soar,,,,4; 5,Soar.,All Forms,,,,,,
Rogue,Character Die,Die Symbol,Ion,,,,6,Ion.,All Forms,,,,,,
Rogue,Hero Board Ability,Offensive Ability,Brawl,[touch] ×3 / [touch] ×4 / [touch] ×5,,,,"[touch] ×3: Deal 4 dmg. [touch] ×4: Deal 5 dmg. [touch] ×5: Deal 6 dmg. On 3-of-a-kind (#'s), gain 1 CP.",All Forms,,,,,,
Rogue,Hero Board Ability,Offensive Ability,Sass,[touch] ×2 + [ion] ×2,,,,Gain 1 CP. Inflict Influence. Deal 3 undefendable dmg.,All Forms,,,,,,
Rogue,Hero Board Ability,Offensive Ability,Absorption,Small Straight / Large Straight,,,,Small Straight: Inflict Influence. Deal 7 dmg. Large Straight: Inflict 2 Influence. Deal 9 dmg.,All Forms,,,,,,
Rogue,Hero Board Ability,Offensive Ability,Influential,[ion] ×4,,,,Gain Skyward. Inflict 2 Influence. Deal 6 undefendable dmg.,All Forms,,,,,,
Rogue,Hero Board Ability,Passive Ability,Ionic Drive,Passive; after successfully dealing Attack dmg,,,,"Whenever dmg is successfully dealt to you from an Attack, gain Ionic Energy (excluding dmg from an Ultimate): On 6 or less dmg, gain Ionic Energy 1. On 7 or more dmg, gain Ionic Energy 2.",All Forms,,,,,,
Rogue,Hero Board Ability,Offensive Ability,Leach,[touch] ×1 + [soar] ×3,,,,"Gain Ionic Energy 1 and roll 1 [die]: On [touch], Steal 2 Health. On [soar], Steal 3 Health and gain Ionic Energy 1. On [ion], Steal 4 Health and gain Ionic Energy 1. You may spend 1 CP to increase the value of this die by 1 (may do this multiple times).",All Forms,,,,,,
Rogue,Hero Board Ability,Offensive Ability,Skybound,[soar] ×2 + [ion] ×2,,,,Gain 1 CP and Skyward. Deal 7 dmg.,All Forms,,,,,,
Rogue,Hero Board Ability,Defensive Ability,Duplicate,Defense Roll 4 [dice],,,,"For every [touch][touch], deal 1 dmg. For every [soar][soar], prevent 2 dmg. For every [ion][ion], gain Skyward and Ionic Energy 1.",All Forms,,,,,,
Rogue,Hero Board Ability,Ultimate Ability,High Altitude!,[ion] ×5,,,,"Gain 1 CP and 2 Skyward. Inflict 3 Influence. Deal 11 dmg. ULTIMATE — Dice may be altered to prevent an Ultimate. Otherwise, no action of any kind may be performed by any opponent until the ability fully completes.",All Forms,,,,,,
Rogue,Unique Card,Main Phase Action,Wind Up!,,,0,,"Roll 1 [die]: On [ion], gain 1 CP and 2 Ionic Energy 2. On any other outcome, draw 1 card.",All Forms,,,,,,
Rogue,Unique Card,Roll Phase Action,Sweet Tea!,,,1,,Gain Ionic Energy 2. You may spend up to 4 Ionic Energy this turn.,All Forms,,,,,,
Rogue,Unique Card,Roll Phase Action,Head in the Clouds!,,,2,,Gain Skyward and Ionic Energy 2.,All Forms,,,,,,
Rogue,Unique Card,Main Phase Action,Back Off!,,,1,,"Inflict Influence. A chosen opponent rolls 1 [die] per Influence they are afflicted with. For each 1–4 rolled, Steal 1 Health.",All Forms,,,,,,
Rogue,Unique Card,Hero Upgrade,Skybound II / To the Clouds,Skybound II: [soar] ×2 + [ion] ×2; To the Clouds: [soar] ×3 + [ion] ×2,,2,,SKYBOUND II — Gain 2 CP and Skyward. Deal 8 dmg. TO THE CLOUDS — Gain 3 CP and Skyward. Deal 9 dmg.,All Forms,,,,,,
Rogue,Unique Card,Instant Action,Sugah!,,,1,,Change the value of any one die that was rolled as a result of Influence or Skyward.,All Forms,,,,,,
Rogue,Unique Card,Hero Upgrade,Absorption II,Small Straight / Large Straight,,2,,Small Straight: Inflict 2 Influence. Deal 7 dmg. Large Straight: Inflict 3 Influence. Deal 9 dmg.,All Forms,,,,,,
Rogue,Unique Card,Hero Upgrade,Influential II / Reciprocate,Influential II: [ion] ×4; Reciprocate: [ion] ×3,,2,,INFLUENTIAL II — Gain Skyward. Inflict 3 Influence. Deal 6 undefendable dmg. RECIPROCATE — Gain Ionic Energy 2. Inflict 3 Influence.,All Forms,,,,,,
Rogue,Unique Card,Roll Phase Action,Cloudy!,,,2,,Play this card after a Skyward token has been resolved to double its effect.,All Forms,,,,,,
Rogue,Unique Card,Hero Upgrade,Brawl II / Mind Over Matter,Brawl II: [touch] ×3 / ×4 / ×5; Mind Over Matter: [touch] ×2 + [soar] ×3,,2,,"BRAWL II — [touch] ×3: Deal 4 dmg. [touch] ×4: Deal 5 dmg. [touch] ×5: Deal 6 dmg. Gain 1 CP. On 3-of-a-kind (#'s), inflict Influence. MIND OVER MATTER — Inflict Influence. Deal 7 dmg.",All Forms,,,,,,
Rogue,Unique Card,Main Phase Action,Remy's Kiss!,,,0,,Inflict Influence. Draw 1 card.,All Forms,,,,,,
Rogue,Unique Card,Main Phase Action,Southern Belle!,,,1,,"Roll 2 [dice]: On [touch], gain Ionic Energy 1. On [soar], gain Ionic Energy 2. On [ion], gain Ionic Energy 1 and Ionic Energy 2.",All Forms,,,,,,
Rogue,Unique Card,Hero Upgrade,Duplicate II,Defense Roll 5 [dice],,3,,"For every [touch][touch], deal 1 dmg. For every [soar][soar], prevent 2 dmg. For every [ion][ion], gain Skyward and Ionic Energy 1.",All Forms,,,,,,
Rogue,Unique Card,Hero Upgrade,Sass II / Underdog,Sass II: [touch] ×2 + [ion] ×2; Underdog: [touch] ×3 + [ion] ×2,,2,,SASS II — Gain 1 CP. Inflict Influence. Deal 4 undefendable dmg. UNDERDOG — Gain 2 CP. Inflict Influence. Deal 5 undefendable dmg.,All Forms,,,,,,
Rogue,Unique Card,Main Phase Action,Ionic Intensity!,,,3,,Increase Ionic Energy stack limit by 1. Then roll 4 [dice]: Gain 1 × [touch] Ionic Energy 1. Gain 1 × [soar] Ionic Energy 2. Gain 1 × [ion] Skyward.,All Forms,,,,,,
Gambit,Unique Mechanic,Deck Rules,Ace Cards,,,,,"‘Explode’ these cards to deal damage: Once per turn, when all of the charge slots on an Ace Card have been filled, you may Explode that card as an Attack Modifier. When you Explode an Ace Card, activate its ‘Explode Effect’ and then flip it face down (removing all tokens). This Ace may not be used again until it is ‘regained’. When a card or ability says Accelerate, you may fill a single charge slot on any face up Ace Card. When you activate an Offensive Ability that utilizes a Heart/Diamond or Spade/Club, you may Accelerate one Ace Card (and only one) with a matching symbol.",All Forms,,,,,,
Gambit,Status Effect,Unique Status Effect,Molecular Acceleration,,Varied,,,Accelerate Ace Cards: Used to keep track of filled charge slots on Ace Cards. This token may not be transferred or removed by any means (except HIGH STAKES or when an Ace Card Explodes).,All Forms,,,,,,
Gambit,Status Effect,Positive Status Effect,Dissolution,,2,,,"Spend to Heal or remove a status effect: A player with this token may spend it during their Main Phase. When spent, choose a player to Heal 2 or remove a Negative Status Effect from that player.",All Forms,,,,,,
Gambit,Status Effect,Negative Status Effect,Disruption,,1,,,"Lose 1 CP or else receive 2 dmg: During their Upkeep Phase, a player afflicted with this token may choose to lose 1 CP. If they do not (or cannot), they receive 2 dmg instead. Then remove this token.",All Forms,,,,,,
Gambit,Character Die,Die Symbol,Staff,,,,1; 2; 3,Staff.,All Forms,,,,,,
Gambit,Character Die,Die Symbol,Heart / Diamond,,,,4,Heart / Diamond.,All Forms,,,,,,
Gambit,Character Die,Die Symbol,Spade / Club,,,,5,Spade / Club.,All Forms,,,,,,
Gambit,Character Die,Die Symbol,Super Charge,,,,6,Super Charge.,All Forms,,,,,,
Gambit,Unique Card,Ace Card,Heart Ace Card,All 4 charge slots filled,,,,Explode Effect: Add 2 dmg and roll 1 [die]. Heal half the value (rounded up).,All Forms,,,,,,4
Gambit,Unique Card,Ace Card,Club Ace Card,All 2 charge slots filled,,,,"Explode Effect: Add 1 dmg. If you activated an Offensive Ability that utilizes a [spade/club], also roll 1 [die]. Add half the value as dmg (rounded up).",All Forms,,,,,,2
Gambit,Unique Card,Ace Card,Spade Ace Card,All 4 charge slots filled,,,,"Explode Effect: Add 3 dmg. If you activated an Offensive Ability that utilizes a [super charge], also add 2 dmg.",All Forms,,,,,,4
Gambit,Unique Card,Ace Card,Diamond Ace Card,All 3 charge slots filled,,,,Explode Effect: Add 2 dmg. Regain up to 2 Ace Cards (excluding this card).,All Forms,,,,,,3
Gambit,Hero Board Ability,Offensive Ability,Bo Staff,[staff] ×3 / [staff] ×4 / [staff] ×5,,,,"[staff] ×3: Deal 5 dmg. [staff] ×4: Deal 6 dmg. [staff] ×5: Deal 7 dmg. On 3-of-a-kind (#’s), inflict Disruption.",All Forms,,,,,,
Gambit,Hero Board Ability,Offensive Ability,Poker Face,[staff] ×1 + [heart/diamond] ×2,,,,Accelerate three times. Gain Dissolution and 1 CP. Draw 1. Inflict Disruption.,All Forms,,,,,,
Gambit,Hero Board Ability,Offensive Ability,Card Shark,Small Straight / Large Straight,,,,Small Straight: Accelerate. Then deal 7 dmg. Large Straight: Accelerate two times. Then deal 9 dmg.,All Forms,,,,,,
Gambit,Hero Board Ability,Offensive Ability,Ragin’ Cajun,[super charge] ×4,,,,Accelerate three times. Inflict Disruption. Then deal 6 undefendable dmg.,All Forms,,,,,,
Gambit,Hero Board Ability,Passive Ability,High Stakes,Passive; Upkeep Phase,,,,"During your Upkeep Phase, choose to roll 2 [dice] or 5 [dice]. Accelerate 1 × [super charge] on any Ace Card. Accelerate 1 × [spade/club] on a Club or Spade. Accelerate 1 × [heart/diamond] on a Heart or Diamond. If you chose to roll 5 [dice] and rolled a 1, gain nothing from this ability and remove one Molecular Acceleration.",All Forms,,,,,,
Gambit,Hero Board Ability,Offensive Ability,Bojutsu,[staff] ×2 + [spade/club] ×2,,,,Gain Dissolution. Deal 2 undefendable dmg. You may Explode one additional Ace Card this turn.,All Forms,,,,,,
Gambit,Hero Board Ability,Offensive Ability,Sleight of Hand,[staff] ×2 + [heart/diamond] ×1 + [super charge] ×1,,,,Choose one: Accelerate two times; or regain an Ace Card and inflict Disruption. Then deal 7 dmg.,All Forms,,,,,,
Gambit,Hero Board Ability,Defensive Ability,Creole Crusader,Defense Roll 3 [dice],,,,"Deal 1 × [staff] dmg. On [heart/diamond], Heal 2. On [super charge], Accelerate.",All Forms,,,,,,
Gambit,Hero Board Ability,Ultimate Ability,Le Diable Blanc!,[super charge] ×5,,,,"Accelerate four times. Gain Dissolution. Inflict Disruption. Then regain an Ace Card and deal 11 dmg. ULTIMATE — Dice may be altered to prevent an Ultimate. Otherwise, no action of any kind may be performed by any opponent until the ability fully completes.",All Forms,,,,,,
Gambit,Unique Card,Hero Upgrade,Bojutsu II / Streetwise,Bojutsu II: [staff] ×2 + [spade/club] ×2; Streetwise: [heart/diamond] ×2 + [spade/club] ×2,,2,,BOJUTSU II — Gain Dissolution. Deal 3 undefendable dmg. You may Explode one additional Ace Card this turn. STREETWISE — Gain Dissolution. Inflict Disruption. Deal 6 dmg.,All Forms,,,,,,
Gambit,Unique Card,Main Phase Action,Charged Up!,,,0,,"Roll 1 [die]. On [super charge], gain 2 Dissolution and Accelerate two times. On any other outcome, draw 1.",All Forms,,,,,,
Gambit,Unique Card,Main Phase Action,X-Treme Remy!,,,2,,"For each Ace Card that has an available charge slot, Accelerate it once.",All Forms,,,,,,
Gambit,Unique Card,Roll Phase Action,Gambit’s Gambit!,,,1,,You may Explode one additional Ace Card this turn.,All Forms,,,,,,
Gambit,Unique Card,Roll Phase Action,Rogue’s Kiss!,,,1,,Change any one of your dice to a [spade/club] or [heart/diamond].,All Forms,,,,,,
Gambit,Unique Card,Hero Upgrade,Poker Face II / Mon Chère,Poker Face II: [staff] ×1 + [heart/diamond] ×2; Mon Chère: [heart/diamond] ×3,,1,,POKER FACE II — Accelerate four times. Gain Dissolution and 1 CP. Draw 1. Inflict Disruption. MON CHÈRE — Gain Dissolution and 2 CP. Draw 1. Regain up to two Ace Cards. Then Accelerate four times.,All Forms,,,,,,
Gambit,Unique Card,Roll Phase Action,Cajun Kick!,,,1,,"Roll 4 [dice]. Add 1 × [staff] dmg. On [super charge], inflict Disruption. Attack Modifier.",All Forms,,,,,,
Gambit,Unique Card,Hero Upgrade,Sleight of Hand II / All-In,Sleight of Hand II: [staff] ×2 + [heart/diamond] ×1 + [super charge] ×1; All-In: [staff] ×1 + [heart/diamond] ×1 + [spade/club] ×1 + [super charge] ×1,,2,,"SLEIGHT OF HAND II — Choose one: Accelerate two times; or regain up to two Ace Cards. Inflict Disruption. Then deal 7 dmg. ALL-IN — Deal 2 dmg. If you Explode an Ace Card, activate its Explode Effect a second time.",All Forms,,,,,,
Gambit,Unique Card,Hero Upgrade,Bo Staff II / Bo Staff Mastery,Bo Staff II: [staff] ×3 / ×4 / ×5; Bo Staff Mastery: [staff] ×3 + [super charge] ×1,,2,,BO STAFF II — [staff] ×3: Deal 5 dmg. [staff] ×4: Deal 6 dmg. [staff] ×5: Deal 7 dmg. Inflict Disruption. BO STAFF MASTERY — Accelerate. Then deal 5 dmg and roll 5 [dice]. Add 1 × [staff] dmg.,All Forms,,,,,,
Gambit,Unique Card,Hero Upgrade,Ragin’ Cajun II / Cajun Fury,Ragin’ Cajun II: [super charge] ×4; Cajun Fury: [super charge] ×3,,2,,RAGIN’ CAJUN II — Accelerate four times. Inflict Disruption. Then deal 7 undefendable dmg. CAJUN FURY — Accelerate two times. Gain 2 Dissolution.,All Forms,,,,,,
Gambit,Unique Card,Instant Action,Card Magic!,,,1,,You may re-roll up to two dice during your HIGH STAKES ability (can be the same die twice in a row or two different dice).,All Forms,,,,,,
Gambit,Unique Card,Main Phase Action,3 Card Monte!,,,2,,Regain up to three Ace Cards.,All Forms,,,,,,
Gambit,Unique Card,Main Phase Action,Call Your Bluff!,,,0,,"Choose an opponent and examine their hand. If they have a Roll Phase Action Card, Accelerate.",All Forms,,,,,,
Gambit,Unique Card,Main Phase Action,Gumbo!,,,1,,"Roll 5 [dice]. Heal 1 × [heart/diamond]. On [super charge], gain Dissolution.",All Forms,,,,,,
Gambit,Unique Card,Hero Upgrade,Creole Crusader II,Defense Roll 4 [dice],,2,,"Deal 1 × [staff] dmg. On [heart/diamond], Heal 2. On [super charge], Accelerate.",All Forms,,,,,,
Jean Grey,Unique Mechanic,Form Rules,Jean Grey Active Rules,,,,,"Jean Grey must begin Active for your first turn. For all subsequent turns, during your Upkeep Phase, you must switch between Jean Grey and Dark Phoenix being Active. WHEN JEAN GREY IS ACTIVE: Draw 1 at the beginning of Main Phase (1). When you activate an Offensive Ability, if your dice show 3-of-a-kind (#’s), draw 1.",Jean Grey,,,,,,
Jean Grey,Unique Mechanic,Form Rules,Dark Phoenix Active Rules,,,,,"This overlay covers the center of your Hero Board to represent Jean Grey becoming Dark Phoenix. It adds several bonuses while Active. WHEN DARK PHOENIX IS ACTIVE: Skip your Income Phase. When you activate an Offensive Ability, if your dice show 3-of-a-kind (#’s), either add 2 dmg to your Attack or inflict Phoenix Burn.",Dark Phoenix,,,,,,
Jean Grey,Status Effect,Positive Status Effect,Force Field,,1,,,"Prevent ½ incoming dmg: Remove this token and one other Positive Status Effect on your Hero Board, then choose a player to prevent ½ incoming damage (rounded up).",All Forms,,,,,,
Jean Grey,Status Effect,Positive Status Effect,Acuity,,4,,,A player with these tokens may spend them for a variety of effects: 1 token: Re-roll 1 of your dice at any time. 2 tokens: Gain 1 CP. 4 tokens: Inflict Phoenix Burn on a chosen opponent.,All Forms,,,,,,
Jean Grey,Status Effect,Positive Status Effect,Flame Blast,,5,,,"Dark Phoenix may spend to increase Attack dmg: If Dark Phoenix is Active, she may spend Flame Blast to increase her Attack dmg by 1 or spend 3 Flame Blast to increase her Attack dmg by 4. Attack Modifier.",All Forms,,,,,,
Jean Grey,Status Effect,Negative Status Effect,Phoenix Burn,,1,,,"Receive 2 dmg in Upkeep Phase. Roll 1 [die]: on 5–6, remove token. A player afflicted with this token is dealt 2 dmg during their Upkeep Phase. Then roll 1 [die]: on 5–6, remove this token.",All Forms,,,,,,
Jean Grey,Character Die,Die Symbol,Astral,,,,1; 2; 3,Astral.,All Forms,,,,,,
Jean Grey,Character Die,Die Symbol,Control,,,,4; 5,Control.,All Forms,,,,,,
Jean Grey,Character Die,Die Symbol,Phoenix,,,,6,Phoenix.,All Forms,,,,,,
Jean Grey,Hero Board Ability,Passive Ability,Call of the Phoenix,Passive; beginning of game and Upkeep Phase,,,,"Jean Grey must begin Active for your first turn. For all subsequent turns, during your Upkeep Phase, you must switch between Jean Grey and Dark Phoenix being Active.",All Forms,,,,,,
Jean Grey,Hero Board Ability,Offensive Ability,Mind Attack,[astral] ×3 / [astral] ×4 / [astral] ×5,,,,[astral] ×3: Deal 4 dmg. [astral] ×4: Deal 5 dmg. [astral] ×5: Deal 6 dmg. Gain Acuity.,All Forms,,,,,,
Jean Grey,Hero Board Ability,Offensive Ability,Psychic Multiplier,[control] ×3,,,,Gain 3 Acuity and roll 1 [die]. Gain ½ the value as Flame Blast (rounded up). Deal 2 pure dmg.,All Forms,,,,,,
Jean Grey,Hero Board Ability,Offensive Ability,Astral Combat,Small Straight / Large Straight,,,,"Small Straight: Gain 2 Acuity. Deal 5 dmg. Large Straight: Gain 2 Acuity. Deal 8 dmg. If Dark Phoenix, damage from this Attack becomes undefendable.",All Forms,,,,,,
Jean Grey,Hero Board Ability,Offensive Ability,Firebird,[phoenix] ×4,,,,Gain Force Field and 2 Flame Blast. Then deal 5 undefendable dmg.,All Forms,,,,,,
Jean Grey,Hero Board Ability,Offensive Ability,Occlusion,[astral] ×1 + [control] ×2 + [phoenix] ×1,,,,"Gain Force Field. If Jean Grey, gain Flame Blast. If Dark Phoenix, gain 2 Acuity. Then deal 5 dmg.",All Forms,,,,,,
Jean Grey,Hero Board Ability,Offensive Ability,Telekinetic Blast,[astral] ×3 + [phoenix] ×2,,,,Gain 2 Flame Blast and 2 Acuity. Then deal 7 dmg.,All Forms,,,,,,
Jean Grey,Hero Board Ability,Defensive Ability,Psionic Shield,"Defense Roll 2 [dice]; if Dark Phoenix, roll 4 instead",,,,"Deal 1 × [astral] dmg. On [control], gain Flame Blast. On [phoenix], if Jean Grey, prevent 2 dmg.",All Forms,,,,,,
Jean Grey,Hero Board Ability,Ultimate Ability,One True Phoenix!,[phoenix] ×5,,,,"Gain Force Field and Acuity. Deal 12 dmg. ULTIMATE — Dice may be altered to prevent an Ultimate. Otherwise, no action of any kind may be performed by any opponent until the ability fully completes.",All Forms,,,,,,
Jean Grey,Unique Card,Main Phase Action,Synthesis!,,,1,,"If Jean Grey, gain Flame Blast. You may spend Flame Blast this turn (even though you are Jean Grey).",All Forms,,,,,,
Jean Grey,Unique Card,Hero Upgrade,Occlusion II / Super Occlusion,Occlusion II: [astral] ×1 + [control] ×2 + [phoenix] ×1; Super Occlusion: [astral] ×1 + [control] ×3 + [phoenix] ×1,,2,,"OCCLUSION II — Gain Force Field. If Jean Grey, gain 2 Flame Blast. If Dark Phoenix, gain 2 Acuity. Then deal 5 dmg. SUPER OCCLUSION — Gain 2 Flame Blast, 2 Acuity, and Force Field. Then deal 5 dmg.",All Forms,,,,,,
Jean Grey,Unique Card,Roll Phase Action,Psychic Attack!,,,1,,"Roll 4 [dice]. Add 1 × [astral] dmg. On [phoenix], inflict Phoenix Burn. Attack Modifier.",All Forms,,,,,,
Jean Grey,Unique Card,Main Phase Action,Force Barrier!,,,2,,"If Jean Grey, gain Force Field.",All Forms,,,,,,
Jean Grey,Unique Card,Instant Action,Mind Walk!,,,0,,Remove 2 Acuity to gain 3 CP.,All Forms,,,,,,
Jean Grey,Unique Card,Roll Phase Action,Psychic Shield!,,,1,,"Play only after being Attacked. If Dark Phoenix, roll 5 [dice]. Prevent 1 × [astral] dmg.",All Forms,,,,,,
Jean Grey,Unique Card,Hero Upgrade,Telekinetic Blast II / Psychic Multiplicity,Telekinetic Blast II: [astral] ×3 + [phoenix] ×2; Psychic Multiplicity: [control] ×5,,2,,TELEKINETIC BLAST II — Gain 2 Flame Blast and 2 Acuity. Then deal 8 dmg. PSYCHIC MULTIPLICITY — Gain 3 Acuity and 4 Flame Blast. Deal 3 pure dmg.,All Forms,,,,,,
Jean Grey,Unique Card,Main Phase Action,Pyrokinesis!,,,1,,"If Dark Phoenix, roll 1 [die]. Gain ½ the value as Flame Blast (rounded up).",All Forms,,,,,,
Jean Grey,Unique Card,Hero Upgrade,Psionic Shield II,"Defense Roll 3 [dice]; if Dark Phoenix, roll 5 instead",,2,,"Deal 1 × [astral] dmg. On [control], gain Flame Blast. If Jean Grey, prevent 2 × [phoenix] dmg.",All Forms,,,,,,
Jean Grey,Unique Card,Hero Upgrade,Mind Attack II / Psionic Jolt,Mind Attack II: [astral] ×3 / ×4 / ×5; Psionic Jolt: [astral] ×2 + [phoenix] ×2,,2,,MIND ATTACK II — [astral] ×3: Deal 5 dmg. [astral] ×4: Deal 6 dmg. [astral] ×5: Deal 7 dmg. Gain Acuity. PSIONIC JOLT — Deal 5 pure dmg.,All Forms,,,,,,
Jean Grey,Unique Card,Hero Upgrade,Firebird II / Essence,Firebird II: [phoenix] ×4; Essence: [phoenix] ×3,,2,,FIREBIRD II — Gain Force Field and 3 Flame Blast. Then deal 5 undefendable dmg. ESSENCE — Gain 2 Flame Blast or 4 Acuity. Then deal 1 undefendable dmg.,All Forms,,,,,,
Jean Grey,Unique Card,Main Phase Action,Phoenix Call!,,,1,,Dark Phoenix becomes Active.,All Forms,,,,,,
Jean Grey,Unique Card,Roll Phase Action,Mind Change!,,,1,,"Flip one of your dice to its opposite face (i.e. 1/6, 2/5, 3/4).",All Forms,,,,,,
Jean Grey,Unique Card,Main Phase Action,Incendiary!,,,2,,Inflict Phoenix Burn on a chosen opponent.,All Forms,,,,,,
Jean Grey,Unique Card,Main Phase Action,Psionic Nexus!,,,0,,"Roll 1 [die]. On [phoenix], gain 4 Flame Blast. On any other outcome, draw 1.",All Forms,,,,,,
Miles Morales: Spider-Man,Status Effect,Unique Status Effect,Combo,,1,,,"Perform another Offensive Roll Phase: If your Offensive Roll Phase resulted in an Attack, you may spend this token at the conclusion of your opponent’s Defensive Roll Phase. If spent, immediately target the same opponent with an additional Offensive Roll Phase. Can only spend once per turn. This token may not be transferred by any means (but can be removed).",All Forms,,,,,,
Miles Morales: Spider-Man,Status Effect,Negative Status Effect,Webbed,,1,,,"Next incoming Attack is undefendable: When this token is inflicted deal 2 as an isolated source of undefendable dmg. The next time a player afflicted with this token is Attacked with normal damage, the damage type becomes undefendable instead and this token is immediately removed.",All Forms,,,,,,
Miles Morales: Spider-Man,Status Effect,Unique Status Effect,Invisibility,,1,,,"Roll defense against an undefendable Attack: When a player with this token is Attacked with an undefendable Attack, they may choose to spend this token to activate a Defensive Ability. This token may not be transferred by any means (but can be removed).",All Forms,,,,,,
Miles Morales: Spider-Man,Character Die,Die Symbol,Thwip,,,,1; 2; 3,Thwip.,All Forms,,,,,,
Miles Morales: Spider-Man,Character Die,Die Symbol,Web,,,,4; 5,Web.,All Forms,,,,,,
Miles Morales: Spider-Man,Character Die,Die Symbol,Spider,,,,6,Spider.,All Forms,,,,,,
Miles Morales: Spider-Man,Hero Board Ability,Offensive Ability,Punch,[thwip] ×3 / [thwip] ×4 / [thwip] ×5,,,,[thwip] ×3: Deal 4 dmg. [thwip] ×4: Deal 5 dmg. [thwip] ×5: Deal 6 dmg.,All Forms,,,,,,
Miles Morales: Spider-Man,Hero Board Ability,Offensive Ability,C-C-C-Combo,[thwip] ×2 + [spider] ×2,,,,Deal 5 dmg. Gain Combo.,All Forms,,,,,,
Miles Morales: Spider-Man,Hero Board Ability,Offensive Ability,Ensnare,Small Straight / Large Straight,,,,Small Straight: Deal 5 dmg. Then inflict Webbed. Large Straight: Draw 1. Deal 8 dmg. Then inflict Webbed.,All Forms,,,,,,
Miles Morales: Spider-Man,Hero Board Ability,Offensive Ability,Venom Punch,[spider] ×4,,,,Gain Invisibility. Deal 7 undefendable dmg.,All Forms,,,,,,
Miles Morales: Spider-Man,Hero Board Ability,Offensive Ability,Wall Crawler,[thwip] ×2 + [web] ×3,,,,Gain Invisibility. Deal 7 dmg.,All Forms,,,,,,
Miles Morales: Spider-Man,Hero Board Ability,Offensive Ability,Spider Reflexes,[thwip] ×1 + [web] ×2 + [spider] ×1,,,,"Roll 2 [dice] and deal dmg equal to the total roll value. If the final roll value is 5 or less, gain Combo.",All Forms,,,,,,
Miles Morales: Spider-Man,Hero Board Ability,Defensive Ability,Counterpunch,Defense Roll 3 [dice],,,,Deal 1 × [thwip] dmg.,All Forms,,,,,,
Miles Morales: Spider-Man,Hero Board Ability,Defensive Ability,Spider-Sense,Defense Roll 2 [dice],,,,"On [spider], prevent ½ dmg (rounded up). You may discard Invisibility to take an additional Roll Attempt.",All Forms,,,,,,
Miles Morales: Spider-Man,Hero Board Ability,Ultimate Ability,Venom Shockwave!,[spider] ×5,,,,"Gain Invisibility. Inflict Webbed. Then deal 13 dmg. ULTIMATE — Dice may be altered to prevent an Ultimate. Otherwise, no action of any kind may be performed by any opponent until the ability fully completes.",All Forms,,,,,,
Miles Morales: Spider-Man,Unique Card,Instant Action,Radiative Blood!,,,3,,Gain Combo.,All Forms,,,,,,
Miles Morales: Spider-Man,Unique Card,Instant Action,Yikes!,,,1,,Gain Invisibility.,All Forms,,,,,,
Miles Morales: Spider-Man,Unique Card,Roll Phase Action,Ambush!,,,0,,Discard Invisibility to add 3 dmg to an Attack. Attack Modifier.,All Forms,,,,,,
Miles Morales: Spider-Man,Unique Card,Hero Upgrade,Punch II,[thwip] ×3 / [thwip] ×4 / [thwip] ×5,,2,,"[thwip] ×3: Deal 5 dmg. [thwip] ×4: Deal 6 dmg. [thwip] ×5: Deal 7 dmg. On 4-of-a-kind (#’s), gain Combo.",All Forms,,,,,,
Miles Morales: Spider-Man,Unique Card,Hero Upgrade,Ensnare II,Small Straight / Large Straight,,2,,Small Straight: Deal 6 dmg. Then inflict Webbed. Large Straight: Draw 1. Deal 9 dmg. Then inflict Webbed.,All Forms,,,,,,
Miles Morales: Spider-Man,Unique Card,Hero Upgrade,Venom Punch II / Combo Up,Venom Punch II: [spider] ×4; Combo Up: [spider] ×3,,2,,VENOM PUNCH II — Gain Invisibility. Deal 8 undefendable dmg. COMBO UP — Gain Combo. Deal 2 undefendable dmg.,All Forms,,,,,,
Miles Morales: Spider-Man,Unique Card,Main Phase Action,Booyah!,,,1,,"Roll 1 [die]. On [thwip], gain Invisibility. On [web], inflict Webbed on a chosen opponent. On [spider], gain Combo.",All Forms,,,,,,
Miles Morales: Spider-Man,Unique Card,Roll Phase Action,Nice Try!,,,0,,Play only after being Attacked. Discard Invisibility to prevent 3 dmg.,All Forms,,,,,,
Miles Morales: Spider-Man,Unique Card,Main Phase Action,Cha-Ching!,,,0,,Gain 2 CP.,All Forms,,,,,,
Miles Morales: Spider-Man,Unique Card,Main Phase Action,Web Shooters!,,,1,,Inflict Webbed on a chosen opponent.,All Forms,,,,,,
Miles Morales: Spider-Man,Unique Card,Main Phase Action,Milkshake Me!,,,1,,Heal 3.,All Forms,,,,,,
Miles Morales: Spider-Man,Unique Card,Hero Upgrade,C-C-C-Combo II / Web Shot,C-C-C-Combo II: [thwip] ×2 + [spider] ×2; Web Shot: [web] ×2 + [spider] ×1,,2,,C-C-C-COMBO II — Deal 6 dmg. Gain Combo. WEB SHOT — Gain Invisibility. Inflict Webbed.,All Forms,,,,,,
Miles Morales: Spider-Man,Unique Card,Roll Phase Action,Invisible Punch!,,,1,,"Play only after being Attacked. If you successfully prevent dmg as a part of your Spider-Sense Defensive Ability, deal 3 dmg.",All Forms,,,,,,
Miles Morales: Spider-Man,Unique Card,Roll Phase Action,Swing Escape!,,,1,,Your Spider-Sense Defensive Ability succeeds on [web] instead of [spider] (this card can be played after your dice have been rolled).,All Forms,,,,,,
Scarlet Witch,Status Effect,Positive Status Effect,Probability Manipulation,,2,,,"Tip an even number up or down on your dice: Spend to change the value of any of your dice displaying an even number (2, 4, 6), up or down by a value of 1 (a value of 6 cannot be increased).",All Forms,,,,,,
Scarlet Witch,Status Effect,Negative Status Effect,Reality Warp,,1,,,"Force your opponent to use one of your dice: If a player is inflicted with this token when they begin their Offensive Roll Phase, they must remove it and use one of Scarlet Witch’s dice in place of one of their own until the end of the Offensive Roll Phase.",All Forms,,,,,,
Scarlet Witch,Status Effect,Positive Status Effect,Conjure,,1,,,"Gain a chosen player’s Positive Status Effect or inflict Reality Warp: Once per turn, a player with this token may spend it during their Main Phase to either: Gain a Positive Status Effect from a chosen player’s leaflet. Any opponent may prevent this by discarding a card of their choice. Inflict Reality Warp on a chosen opponent.",All Forms,,,,,,
Scarlet Witch,Status Effect,Positive Status Effect,Crackle,,3,,,"Spend to add dmg for each status effect: If a player concludes their Offensive Roll Phase with an Attack, they may spend this token. If spent, add 1 dmg per Positive or Negative Status Effect on their Hero Board (excluding the Crackle that was just spent), up to a maximum of 3. Only two Crackle may be spent per turn. Attack Modifier.",All Forms,,,,,,
Scarlet Witch,Die Face,Die Face,Warp,,,,1-3,Warp.,All Forms,,,,,,
Scarlet Witch,Die Face,Die Face,Chaos,,,,4,Chaos.,All Forms,,,,,,
Scarlet Witch,Die Face,Die Face,Spell,,,,5,Spell.,All Forms,,,,,,
Scarlet Witch,Die Face,Die Face,Crown,,,,6,Crown.,All Forms,,,,,,
Scarlet Witch,Hero Board Ability,Offensive Ability,Hex Bolt,[warp] ×3 / [warp] ×4 / [warp] ×5,,,,[warp] ×3: Deal 4 dmg. [warp] ×4: Deal 6 dmg. [warp] ×5: Deal 8 dmg.,All Forms,,,,,,
Scarlet Witch,Hero Board Ability,Offensive Ability,Darkhold,[spell] ×2,,,,Draw 1. Gain 1 CP. Gain Crackle and Probability Manipulation.,All Forms,,,,,,
Scarlet Witch,Hero Board Ability,Offensive Ability,Spellcraft,Small Straight / Large Straight,,,,Small Straight: Gain Probability Manipulation. Deal 7 dmg. Large Straight: Gain Probability Manipulation. Inflict Reality Warp. Deal 9 dmg.,All Forms,,,,,,
Scarlet Witch,Hero Board Ability,Offensive Ability,Pure Chaos,[crown] ×4,,,,Gain Conjure. Inflict Reality Warp. Deal 6 undefendable dmg.,All Forms,,,,,,
Scarlet Witch,Hero Board Ability,Offensive Ability,Jinx,[warp] ×2 + [chaos] ×2,,,,"Deal 6 dmg and roll 2 dice. On [warp], add 2 dmg. On [chaos], gain Probability Manipulation. On [spell], inflict Reality Warp. On [crown], add 1 dmg and then roll this die again.",All Forms,,,,,,
Scarlet Witch,Hero Board Ability,Offensive Ability,Mind Blast,[warp] + [chaos] + [spell] + [crown],,,,"Gain Crackle. Deal 5 pure dmg and roll 1 die. If the value is even, gain Probability Manipulation. If the value is odd, deal 8 pure dmg instead.",All Forms,,,,,,
Scarlet Witch,Hero Board Ability,Offensive Ability,Bewitch,[warp] + [crown] ×3,,,,Gain Conjure. Deal 9 dmg.,All Forms,,,,,,
Scarlet Witch,Hero Board Ability,Defensive Ability,Double Trouble,Defense Roll 5 [dice],,,,"On [chaos][chaos], gain Probability Manipulation. On [spell][spell], gain Conjure. On [crown][crown], deal 4 dmg. On [warp][warp], gain Crackle.",All Forms,,,,,,
Scarlet Witch,Hero Board Ability,Ultimate Ability,Sealed Your Fate!,[crown] ×5,,,,"Gain Conjure and Probability Manipulation. Inflict Reality Warp. Deal 12 dmg. ULTIMATE — Dice may be altered to prevent an Ultimate. Otherwise, no action of any kind may be performed by any opponent until the ability fully completes.",All Forms,,,,,,
Scarlet Witch,Unique Card,Hero Upgrade,Jinx II,[warp] ×2 + [chaos] ×2,,2,,"Deal 6 dmg and roll 2 dice. Add 2 × [warp] dmg. Gain 1 × [chaos] Probability Manipulation. On [spell], inflict Reality Warp. For each [crown], add 1 dmg and then roll this die again.",All Forms,,,,,,
Scarlet Witch,Unique Card,Roll Phase Action,Chaos Manipulation!,,,1,,Discard 2 Probability Manipulation to change the value of any one die.,All Forms,,,,,,
Scarlet Witch,Unique Card,Hero Upgrade,Bewitch II / Energy Drain,Bewitch II: [warp] + [crown] ×3; Energy Drain: [chaos] ×2 + [spell],,1,,BEWITCH II — Gain Conjure. Deal 10 dmg. ENERGY DRAIN — Steal 3 Health.,All Forms,,,,,,
Scarlet Witch,Unique Card,Hero Upgrade,Pure Chaos II / Chaos,Pure Chaos II: [crown] ×4; Chaos: [crown] ×3,,2,,"PURE CHAOS II — Gain Conjure. Inflict Reality Warp. Deal 7 undefendable dmg. CHAOS — Gain Conjure, Probability Manipulation, and 2 Crackle.",All Forms,,,,,,
Scarlet Witch,Unique Card,Hero Upgrade,Double Trouble II,Defense Roll 5 [dice],,2,,"On [chaos][chaos], gain Probability Manipulation. On [spell][spell], gain Conjure. On [crown][crown], deal 4 dmg. On [warp][warp], gain Crackle; or on [warp][warp][warp], gain 2 Crackle. You may discard a Probability Manipulation to change one of these dice to any value.",All Forms,,,,,,
Scarlet Witch,Unique Card,Main Phase Action,Snap Crackle!,,,1,,"Roll 1 die. If the value is even, gain Crackle. If the value is odd, gain 2 Crackle.",All Forms,,,,,,
Scarlet Witch,Unique Card,Hero Upgrade,Mind Blast II,[warp] + [chaos] + [spell] + [crown],,2,,"Gain 2 Crackle. Deal 5 pure dmg and roll 1 die. If the value is even, gain Probability Manipulation. If the value is odd, deal 9 pure dmg instead.",All Forms,,,,,,
Scarlet Witch,Unique Card,Roll Phase Action,Warped!,,,1,,"Change the value of one of your dice to 1, 2, or 3.",All Forms,,,,,,
Scarlet Witch,Unique Card,Hero Upgrade,Hex Bolt II / Conjuration,Hex Bolt II: [warp] ×3 / [warp] ×4 / [warp] ×5; Conjuration: [warp] ×2 + [spell],,2,,"HEX BOLT II — [warp] ×3: Deal 5 dmg. [warp] ×4: Deal 7 dmg. [warp] ×5: Deal 9 dmg. On 4-of-a-kind (#’s), inflict Reality Warp. CONJURATION — Gain Conjure. Deal 2 pure dmg.",All Forms,,,,,,
Scarlet Witch,Unique Card,Hero Upgrade,Darkhold II,[spell] ×2,,2,,Draw 1. Gain 2 CP. Gain 2 Crackle and 2 Probability Manipulation.,All Forms,,,,,,
Scarlet Witch,Unique Card,Main Phase Action,Incantation!,,,1,,Gain Conjure.,All Forms,,,,,,
Scarlet Witch,Unique Card,Hero Upgrade,Spellcraft II,Small Straight / Large Straight,,2,,Small Straight: Gain Probability Manipulation. Deal 8 dmg. Large Straight: Inflict Reality Warp. Deal 10 dmg.,All Forms,,,,,,
Scarlet Witch,Unique Card,Roll Phase Action,No Dice!,,,1,,Discard a Probability Manipulation token. Then change the value of any one of your opponent’s dice to a 1.,All Forms,,,,,,
Scarlet Witch,Unique Card,Roll Phase Action,Hex Shield!,,,1,,"Play only after being Attacked. Roll 5 dice: Prevent 1 × [warp] dmg. On [crown][crown], inflict Reality Warp.",All Forms,,,,,,
Thor,Status Effect,Positive Status Effect,Guard Break,,2,,,"Attack becomes undefendable on 4-5: If a player concludes their Offensive Roll Phase with an Attack, they may spend this token and roll 1 die. If the outcome is 4-5, the Attack becomes undefendable.",All Forms,,,,,,
Thor,Status Effect,Positive Status Effect,Electrokinesis,,4,,,"Boost abilities or spend to draw 1: Once per turn, a player may spend 4 Electrokinesis during their Main Phase to draw 1.",All Forms,,,,,,
Thor,Companion,Companion,Mjölnir,,,,,"Throw or Retrieve to gain bonuses: Begin the game with Mjölnir on your Hero Board. You may Throw or Retrieve Mjölnir at any time by discarding a card. If an ability tells you to Throw or Retrieve it, you do not need to discard a card. When you Throw Mjölnir, place it on a chosen opponent and deal 1 as an isolated source of undefendable dmg. When you Retrieve Mjölnir, place it back on your Hero Board and gain Electrokinesis. You cannot Throw Mjölnir at an opponent unless it is on your Hero Board. You cannot Retrieve Mjölnir if it is already on your Hero Board. In a multiplayer game, if an opponent who has Mjölnir is defeated, Retrieve it.",All Forms,,,,,,
Thor,Die Face,Die Face,Hammer,,,,1-3,Faces 1-3: Hammer.,All Forms,,,,,,
Thor,Die Face,Die Face,Worthy,,,,4-5,Faces 4-5: Worthy.,All Forms,,,,,,
Thor,Die Face,Die Face,Thunder,,,,6,Face 6: Thunder.,All Forms,,,,,,
Thor,Hero Board Ability,Offensive Ability,Hammered,[Hammer] ×3 / [Hammer] ×4 / [Hammer] ×5,,,,"3 Hammer: Deal 4 dmg. 4 Hammer: Deal 5 dmg. 5 Hammer: Deal 7 dmg. On 3-of-a-kind (#’s), Throw Mjölnir.",All Forms,,,,,,
Thor,Hero Board Ability,Offensive Ability,Mighty Summon,[Hammer] + [Worthy] + [Thunder],,,,"Gain 2 Guard Break and Heal 2. If you have Mjölnir, gain 3 Electrokinesis. Otherwise, Retrieve Mjölnir to deal 3 collateral dmg to the player you retrieved it from.",All Forms,,,,,,
Thor,Hero Board Ability,Offensive Ability,Lightning Rod,Small Straight,,,,"Deal 7 dmg. If the opponent you are Attacking has Mjölnir, deal 3 dmg instead. Otherwise, gain Electrokinesis.",All Forms,,,,,,
Thor,Hero Board Ability,Offensive Ability,Bottled Lightning,[Thunder] ×4,,,,Throw or Retrieve Mjölnir up to four times. Gain 2 Guard Break. Then deal 7 dmg. Add 1 dmg × Electrokinesis.,All Forms,,,,,,
Thor,Hero Board Ability,Offensive Ability,Odinforce,[Hammer] ×2 + [Worthy] ×3,,,,"Deal 5 dmg and roll 5 dice. On 2 Hammer, Throw or Retrieve Mjölnir. On 2 Worthy, gain 1 CP. Gain 1 × Thunder Electrokinesis. You may re-roll up to 5 of these dice. Then add 1 dmg × Electrokinesis.",All Forms,,,,,,
Thor,Hero Board Ability,Offensive Ability,Chain Lightning,[Hammer] ×3 + [Thunder] ×2,,,,"Roll 3 dice. Deal dmg equal to the total roll value of any two of these dice. Additionally, deal 2 as an isolated source of collateral dmg to a chosen opponent (may choose the same opponent).",All Forms,,,,,,
Thor,Hero Board Ability,Offensive Ability,Thunder Bolt,Large Straight,,,,Throw or Retrieve Mjölnir. Gain 2 Electrokinesis. Deal 10 dmg.,All Forms,,,,,,
Thor,Hero Board Ability,Defensive Ability,Thunder Wheel,Defense Roll 3 dice,,,,"On 2 Hammer, Throw or Retrieve Mjölnir. Prevent 2 × Worthy dmg. On Thunder, gain Electrokinesis.",All Forms,,,,,,
Thor,Hero Board Ability,Ultimate Ability,For Asgard!,[Thunder] ×5,,,,"Gain Guard Break. Throw or Retrieve Mjölnir up to four times. Deal 14 dmg. ULTIMATE — Dice may be altered to prevent an Ultimate. Otherwise, no action of any kind may be performed by any opponent until the ability fully completes.",All Forms,,,,,,
Thor,Unique Card,Hero Upgrade,Odinforce II,[Hammer] ×2 + [Worthy] ×3,,2,,"Deal 6 dmg and roll 5 dice. On 2 Hammer, Throw or Retrieve Mjölnir. On 2 Worthy, gain 1 CP. Gain 1 × Thunder Electrokinesis. You may re-roll up to 5 of these dice. Then add 1 dmg × Electrokinesis.",All Forms,,,,,,
Thor,Unique Card,Hero Upgrade,Hammered III,[Hammer] ×3 / [Hammer] ×4 / [Hammer] ×5,,2,,"3 Hammer: Deal 5 dmg. 4 Hammer: Deal 6 dmg. 5 Hammer: Deal 8 dmg. Throw or Retrieve Mjölnir. On 3-of-a-kind (#’s), gain Electrokinesis.",All Forms,,,,,,
Thor,Unique Card,Hero Upgrade,Chain Lightning III,[Hammer] ×3 + [Thunder] ×2,,2,,"Roll 4 dice. Deal dmg equal to the total roll value of any two of these dice. Additionally, deal 3 as an isolated source of collateral dmg to a chosen opponent (may choose the same opponent).",All Forms,,,,,,
Thor,Unique Card,Roll Phase Action,He Is Worthy!,,,1,,Change the value of any one of your dice to a 4 or 5.,All Forms,,,,,,
Thor,Unique Card,Hero Upgrade,Hammered II,[Hammer] ×3 / [Hammer] ×4 / [Hammer] ×5,,0,,"3 Hammer: Deal 5 dmg. 4 Hammer: Deal 6 dmg. 5 Hammer: Deal 7 dmg. Throw or Retrieve Mjölnir. On 4-of-a-kind (#’s), gain Electrokinesis.",All Forms,,,,,,
Thor,Unique Card,Roll Phase Action,Indomitable Will!,,,2,,"Play only after being Attacked. If the incoming Attack would reduce your Health to 0, roll 1 die. On Worthy, set your Health to 1 instead.",All Forms,,,,,,
Thor,Unique Card,Hero Upgrade,Lightning Rod II,Small Straight,,2,,Throw or Retrieve Mjölnir. Gain Electrokinesis. Deal 9 dmg.,All Forms,,,,,,
Thor,Unique Card,Instant Action,Time to Hammer!,,,0,,Retrieve Mjölnir. Gain 1 CP and Electrokinesis.,All Forms,,,,,,
Thor,Unique Card,Hero Upgrade,Bottled Lightning II / Ricochet!,[Thunder] ×4 / [Thunder] ×3,,2,,Bottled Lightning II: Throw or Retrieve Mjölnir up to three times. Gain 2 Guard Break. Then deal 8 dmg. Add 1 dmg × Electrokinesis. Ricochet!: Throw or Retrieve Mjölnir up to six times.,All Forms,,,,,,
Thor,Unique Card,Hero Upgrade,Thunder Wheel II,Defense Roll 4 dice,,2,,"For every 2 Hammer, Throw or Retrieve Mjölnir. Prevent 2 × Worthy dmg. Gain 1 × Thunder Electrokinesis.",All Forms,,,,,,
Thor,Unique Card,Instant Action,Stormbreak!,,,0,,"Play only if you have Thrown Mjölnir twice this turn. Draw 1. Gain 1 CP, Guard Break, and Electrokinesis.",All Forms,,,,,,
Thor,Unique Card,Instant Action,Power Trip!,,,1,,Draw 1. Gain 2 Electrokinesis.,All Forms,,,,,,
Thor,Unique Card,Hero Upgrade,Thunder Bolt II / Asgardian Brawn,Large Straight / [Worthy] ×3,,2,,Thunder Bolt II: Throw or Retrieve Mjölnir. Gain 2 Electrokinesis. Deal 12 dmg. Asgardian Brawn: Heal 4.,All Forms,,,,,,
Thor,Unique Card,Roll Phase Action,Invulnerability!,,,2,,Discard 2 Electrokinesis to prevent all incoming damage.,All Forms,,,,,,
Thor,Unique Card,Hero Upgrade,Mighty Summon II / Boom Boom!,[Hammer] + [Worthy] ×2 + [Thunder] / [Hammer] ×2 + [Thunder] ×2,,2,,"Mighty Summon II: Gain 2 Guard Break and Heal 3. If you have Mjölnir, gain 3 Electrokinesis. Otherwise, Retrieve Mjölnir to deal 4 collateral dmg to the player you retrieved it from. Boom Boom!: Gain 2 Electrokinesis. Deal 6 dmg.",All Forms,,,,,,
Loki,Status Effect,Unique Status Effect,Illusion,,2,,,Attempt to find Loki among his Illusions: Begin the game with your 3 Illusion Cards set aside. A player with this token may spend it when being Attacked. If spent: 1. Present the 3 Illusion Cards to your opponent face-down in any order. You may suggest which card they should select. 2. The Attacker chooses any card. 3. Flip over the chosen card and resolve the text. This token may not be transferred by any means (but can be removed).,All Forms,,,,,,
Loki,Status Effect,Positive Status Effect,Bag of Tricks,,2,,,"Roll and gain a surprise: During their Upkeep Phase, a player with this token removes it and rolls 1 die: On 1, lose 1 CP. On 2-5, Loki chooses whether the player heals 2, gains 1 CP, or receives 2 dmg. On 6, gain 2 CP.",All Forms,,,,,,
Loki,Status Effect,Unique Status Effect,Spellbound,,3,,,"An Offensive Ability cannot be rolled: When inflicted, place this token so that it covers the name of an opponent’s Offensive Ability (cannot cover an Ultimate Ability). A player with this token may not activate the Offensive Ability that is covered by this token. A player who only has one Offensive Ability uncovered cannot be afflicted with this token. Remove this token at the conclusion of their Offensive Roll Phase. This token may not be transferred by any means (but can be removed).",All Forms,,,,,,
Loki,Die Face,Character Die,Scepter,,,,1,Scepter.,All Forms,,,,,,
Loki,Die Face,Character Die,Scepter,,,,2,Scepter.,All Forms,,,,,,
Loki,Die Face,Character Die,Illusion,,,,3,Illusion.,All Forms,,,,,,
Loki,Die Face,Character Die,Illusion,,,,4,Illusion.,All Forms,,,,,,
Loki,Die Face,Character Die,Lies,,,,5,Lies.,All Forms,,,,,,
Loki,Die Face,Character Die,Mischief,,,,6,Mischief.,All Forms,,,,,,
Loki,Ability,Offensive Ability,Mockery,3/4/5 Scepter,,,,3 Scepter: Deal 6 dmg. 4 Scepter: Deal 7 dmg. 5 Scepter: Deal 8 dmg.,All Forms,,,,,,
Loki,Ability,Offensive Ability,Antics,2 Lies,,,,Draw 1. Gain Illusion. Gain Bag of Tricks.,All Forms,,,,,,
Loki,Ability,Offensive Ability,Confuddle,2 Scepter + 2 Illusion,,,,Inflict 2 Spellbound. Deal 7 dmg.,All Forms,,,,,,
Loki,Ability,Offensive Ability,Vilify,Scepter + Illusion + Lies + Mischief,,,,"If any of your opponents have more health than you, gain Illusion and deal 7 dmg. Otherwise, deal 5 undefendable dmg and choose 2 players to gain Bag of Tricks (may choose the same player twice).",All Forms,,,,,,
Loki,Ability,Offensive Ability,Vex,Small Straight,,,,Gain Bag of Tricks. Deal 7 dmg.,All Forms,,,,,,
Loki,Ability,Offensive Ability,Double Take,4 Mischief,,,,Gain Illusion. Inflict 2 Spellbound. Deal 7 undefendable dmg.,All Forms,,,,,,
Loki,Ability,Offensive Ability,Kneel to Me,Large Straight,,,,"Deal 8 dmg and roll 3 dice: Add 1 × Scepter dmg. On Illusion, gain Bag of Tricks. On Lies, draw 1. On Mischief, gain Illusion.",All Forms,,,,,,
Loki,Ability,Defensive Ability,Tip the Scale,Defense Roll 1,,,,"On Scepter, inflict Spellbound. On Illusion, gain Bag of Tricks. On Lies, draw 1. On Mischief, gain Illusion.",All Forms,,,,,,
Loki,Ability,Ultimate Ability,Glorious Purpose,5 Mischief,,,,Gain Illusion. Inflict 3 Spellbound. Choose 4 players to gain Bag of Tricks (may choose the same player multiple times). Deal 10 dmg.,All Forms,,,,,,
Loki,Unique Card,Illusion Card,Partial Success,,,,,Loki prevents 1/2 incoming dmg (rounded up). Loki may spend another Illusion.,All Forms,,,,,,
Loki,Unique Card,Illusion Card,Success!,,,,,Loki prevents all incoming dmg. Attacker gains Bag of Tricks. Loki may spend another Illusion.,All Forms,,,,,,
Loki,Unique Card,Illusion Card,Fail!,,,,,Loki prevents 0 incoming dmg.,All Forms,,,,,,
Loki,Unique Card,Hero Upgrade,Kneel to Me II / Bewilder,Large Straight / Illusion + Illusion + Lies,,2,,"Kneel to Me II: Deal 9 dmg and roll 4 dice: Add 1 × Scepter dmg. On Illusion, gain Bag of Tricks. On Lies, draw 1. On Mischief, gain Illusion. Bewilder: Inflict 2 Spellbound. Deal 3 undefendable dmg.",All Forms,,,,,,
Loki,Unique Card,Hero Upgrade,Confuddle II / Liar’s Gifts,2 Scepter + 2 Illusion / 3 Illusion,,2,,Confuddle II: Inflict 2 Spellbound. Deal 8 dmg. Liar’s Gifts: Distribute up to 3 Bag of Tricks in any way desired.,All Forms,,,,,,
Loki,Unique Card,Hero Upgrade,Double Take II / Made You Look,4 Mischief / 3 Mischief,,2,,Double Take II: Gain Illusion. Inflict 3 Spellbound. Deal 8 undefendable dmg. Made You Look: Gain Illusion. Deal 3 undefendable dmg.,All Forms,,,,,,
Loki,Unique Card,Roll Phase Action,Pantaloons on Fire!,,,1,,"Attack Modifier. Add 2 dmg. If you already played your Liar Liar card this turn, add 4 dmg instead.",All Forms,,,,,,
Loki,Unique Card,Hero Upgrade,Tip the Scale II,Defense Roll 2,,3,,"On Scepter, inflict Spellbound. On Illusion, gain Bag of Tricks. On Lies, draw 1. On Mischief, gain Illusion.",All Forms,,,,,,
Loki,Unique Card,Instant Action,Outwit!,,,0,,"A chosen player must remove a Bag of Tricks and roll 1 die: On 1-5, Loki chooses whether the player heals 2, gains 3 CP, or receives 3 dmg. On 6, they gain 4 CP.",All Forms,,,,,,
Loki,Unique Card,Roll Phase Action,Liar Liar!,,,1,,"Attack Modifier. Roll 4 dice: Add 1 × Scepter dmg. On Lies, inflict Bag of Tricks. On Mischief, gain Bag of Tricks.",All Forms,,,,,,
Loki,Unique Card,Main Phase Action,Take Backsies!,,,2,,"Choose a card that costs 2 CP or less from your discard pile, show it to your opponent, and then put it into your hand.",All Forms,,,,,,
Loki,Unique Card,Main Phase Action,How Lovely!,,,1,,Gain Illusion. You may spend an additional 2 CP to gain 2 Illusions instead.,All Forms,,,,,,
Loki,Unique Card,Hero Upgrade,Antics II,2 or 3 Lies,,2,,2 Lies: Draw 1. Gain Illusion. Gain 2 Bag of Tricks. 3 Lies: Draw 1. Gain Illusion. Distribute up to 3 Bag of Tricks in any way desired.,All Forms,,,,,,
Loki,Unique Card,Hero Upgrade,Vilify II,Scepter + Illusion + Lies + Mischief,,1,,"Inflict Spellbound. If any opponents have more health than you, gain Illusion and deal 8 dmg. Otherwise, deal 6 undefendable dmg and choose 2 players to gain Bag of Tricks (may choose the same player twice).",All Forms,,,,,,
Loki,Unique Card,Hero Upgrade,Vex II,Small Straight,,2,,Gain Bag of Tricks. Deal 9 dmg.,All Forms,,,,,,
Loki,Unique Card,Main Phase Action,Loki’n to My Eyes!,,,1,,Inflict 3 Spellbound.,All Forms,,,,,,
Loki,Unique Card,Hero Upgrade,Mockery II,3/4/5 Scepter,,2,,"3 Scepter: Deal 7 dmg. 4 Scepter: Deal 8 dmg. 5 Scepter: Deal 9 dmg. On 3-of-a-kind (#’s), gain Bag of Tricks.",All Forms,,,,,,
Doctor Strange,Unique Mechanic,Deck Rules,Spells,,,,,"Spells have Prepare and Cast effects: When you Prepare a Spell, place the Spell on your Passive Ability, Book of Vishanti (do not remove previously prepared Spells). Then perform the ‘Prepare Effect’. When you Cast a Spell, you may choose any card from your Book of Vishanti and perform the ‘Cast Effect’.",All Forms,,,,,,
Doctor Strange,Status Effect,Negative Status Effect,Crimson Bands,,1,,,"Cannot play cards during next Roll Phase: A player afflicted with this token cannot play cards during their next Roll Phase. Then, at the conclusion of that Roll Phase, discard this token.",All Forms,,,,,,
Doctor Strange,Status Effect,Positive Status Effect,Premonition,,3,,,"Draw more cards during Income Phase: A player with these tokens may spend them once per turn during their Income Phase to activate one of the following effects: • 1 token: draw 2 instead of 1. • 3 tokens: draw 3 instead of 1. When activated, one of the drawn cards must be placed on either the top or bottom of the deck.",All Forms,,,,,,
Doctor Strange,Status Effect,Positive Status Effect,Déjà Vu,,1,,,"Restart your Offensive Roll Phase: Instead of activating an Ability, a player with this token may spend it to conclude their current Offensive Roll Phase and then start a new Offensive Roll Phase.",All Forms,,,,,,
Doctor Strange,Hero Board Ability,Passive Ability,Book of Vishanti,Passive; once per turn during Main Phase,,,,"Begin the game with the Flames of Faltine Spell placed on the Book of Vishanti (without activating the Prepare effect). Once per turn, during your Main Phase, you may Prepare a Spell from your hand.",All Forms,,,,,,
Doctor Strange,Hero Board Ability,Offensive Ability,Augury,[tome] ×2 + [amulet] ×2,,,,Gain Déjà Vu. Deal 8 dmg.,All Forms,,,,,,
Doctor Strange,Hero Board Ability,Offensive Ability,Universal Awareness,[tome] ×4,,,,Draw 1. Gain Déjà Vu and 2 Premonition. Prepare a Spell from your discard pile.,All Forms,,,,,,
Doctor Strange,Hero Board Ability,Offensive Ability,Mystic Bolts,Small Straight / Large Straight,,,,Small Straight: Deal 6 dmg. Cast a Spell. Large Straight: Deal 9 dmg. Cast a Spell.,All Forms,,,,,,
Doctor Strange,Hero Board Ability,Offensive Ability,Wand of Watoomb,[amulet] ×4,,,,Inflict Crimson Bands. Deal 5 undefendable dmg. Prepare a Spell from your discard pile. Then Cast up to two Spells.,All Forms,,,,,,
Doctor Strange,Hero Board Ability,Offensive Ability,Astral Incursion,[mandala] ×1 + [tome] ×1 + [mantle] ×1 + [amulet] ×1,,,,"Deal 6 dmg and roll 2 [dice]: On [mandala], add 3 dmg. On [tome], gain Premonition. On [mantle], inflict Crimson Bands. On [amulet], Cast a Spell.",All Forms,,,,,,
Doctor Strange,Hero Board Ability,Offensive Ability,Binding,[mandala] ×2 + [mantle] ×2,,,,Inflict Crimson Bands. Deal 9 dmg.,All Forms,,,,,,
Doctor Strange,Hero Board Ability,Defensive Ability,Cloak of Levitation,Defense Roll 2 [dice],,,,"On [mandala], deal 1 dmg. On [tome], gain Premonition. On [mantle], prevent 2 dmg. On [amulet], deal 3 dmg.",All Forms,,,,,,
Doctor Strange,Hero Board Ability,Ultimate Ability,All-Seeing Eye!,[amulet] ×5,,,,"Look at the top five cards of your deck. Prepare up to two Spells among these cards. Put the other cards back in any order. Then deal 10 dmg and Cast up to two Spells. ULTIMATE — Dice may be altered to prevent an Ultimate. Otherwise, no action of any kind may be performed by any opponent until the ability fully completes.",All Forms,,,,,,
Doctor Strange,Character Die,Die Symbol,Mandala,,,,1; 2,Mandala.,All Forms,,,,,,
Doctor Strange,Character Die,Die Symbol,Tome,,,,3; 4,Tome.,All Forms,,,,,,
Doctor Strange,Character Die,Die Symbol,Mantle,,,,5,Mantle.,All Forms,,,,,,
Doctor Strange,Character Die,Die Symbol,Amulet,,,,6,Amulet.,All Forms,,,,,,
Doctor Strange,Unique Card,Spell Card,Chains of Krakkan,,,,,Prepare Effect: Inflict Crimson Bands on a chosen opponent. Cast Effect: Make an Attack undefendable. Then discard this card.,All Forms,,,,,,
Doctor Strange,Unique Card,Spell Card,Bolts of Balthakk,,,,,Prepare Effect: Gain 1 CP. Cast Effect: Deal 3 dmg as an isolated source of undefendable dmg to a chosen opponent. Then discard this card.,All Forms,,,,,,
Doctor Strange,Unique Card,Spell Card,Flames of Faltine,,,,,STARTER SPELL — Prepare Effect: Deal 1 dmg as an isolated source of undefendable dmg to a chosen opponent. Cast Effect: Add 1 dmg to an Attack. Then return this card to your hand.,All Forms,,,,,,
Doctor Strange,Unique Card,Spell Card,Fangs of Farallah,,,,,Prepare Effect: A chosen opponent loses 1 CP. Cast Effect: Add 3 dmg to an Attack. Then discard this card.,All Forms,,,,,,
Doctor Strange,Unique Card,Spell Card,Mists of Morpheus,,,,,Prepare Effect: A chosen player gains Déjà Vu. Cast Effect: Heal any Hero 3. Then discard this card.,All Forms,,,,,,
Doctor Strange,Unique Card,Spell Card,Rings of Raggadorr,,,,,Prepare Effect: Gain Premonition. Cast Effect: Cast up to two different Spells in your discard pile. Then discard this card.,All Forms,,,,,,
Doctor Strange,Unique Card,Spell Card,Images of Ikonn,,,,,"Prepare Effect: None. Cast Effect: Add 1 dmg to an Attack for each card in your hand, up to a maximum of 4. Then discard this card.",All Forms,,,,,,
Doctor Strange,Unique Card,Spell Card,Winds of Watoomb,,,,,Prepare Effect: You may remove a status effect token from a chosen player. Cast Effect: Prepare a Spell card from your discard pile. Then discard this card.,All Forms,,,,,,
Doctor Strange,Unique Card,Spell Card,Vapors of Valtorr,,,,,Prepare Effect: Heal any Hero 1. Cast Effect: Gain 3 Premonition. Then discard this card.,All Forms,,,,,,
Doctor Strange,Unique Card,Main Phase Action,Foresight!,,,0,,Gain 2 Premonition.,All Forms,,,,,,
Doctor Strange,Unique Card,Roll Phase Action (Attack Modifier),Cast Away!,,,0,,Cast a Spell.,All Forms,,,,,,
Doctor Strange,Unique Card,Roll Phase Action,Shield of Seraphim!,,,1,,"Play only after being Attacked. Roll 2 [dice]: On [mandala], prevent 1 dmg. On [tome], prevent 2 dmg. On [mantle], prevent 3 dmg. On [amulet], gain Premonition.",All Forms,,,,,,
Doctor Strange,Unique Card,Instant Action,Time After Time!,,,2,,A chosen player gains Déjà Vu.,All Forms,,,,,,
Doctor Strange,Unique Card,Roll Phase Action (Attack Modifier),Icy Tendrils!,,,1,,"Roll 2 [dice]: On [mandala], add 1 dmg. On [tome], Cast a Spell. On [mantle], add 2 dmg. On [amulet], inflict Crimson Bands.",All Forms,,,,,,
Black Widow,Status Effect,Unique Status Effect,Covert Ops,,3,,,"Use to look at or rearrange cards: You may spend this token once per turn during your Main Phase to do one of the following effects: • Put an Ability Upgrade from your hand into play. • Look at the top 3 cards of your deck. If none of them are Ability Upgrades, you may reveal these cards and search your deck for an Ability Upgrade. Show it to your opponent and add it to your hand. Then shuffle your deck. Otherwise, put them back in any order. This token may not be transferred or removed by any means.",All Forms,,,,,,
Black Widow,Status Effect,Positive Status Effect,Agility,,2,,,"Spend and roll 1-3 to avoid 1/2 damage: When a player with this token receives damage, they may spend it and roll 1 [die]. If the outcome is 1-3, prevent 1/2 incoming damage (rounded up).",All Forms,,,,,,
Black Widow,Status Effect,Negative Status Effect,Time Bomb,,2,,,"Roll a 6 to attempt to defuse. Take 4 dmg if you run out of time: When inflicting this token, if you have at least 6 Ability Upgrades in play, place it on the 0:01 side up. Otherwise, place it on the 0:02 side up. During their Upkeep Phase, a player afflicted with this token must roll 1 [die]: • On 1-5, advance the Time Bomb. • On 6, remove the token. When a Time Bomb is advanced: • If the token is on the 0:02 side, flip it to the 0:01 side. • If the token is on the 0:01 side, the player afflicted with this token removes it and receives 4 dmg as an isolated source of undefendable dmg.",All Forms,,,,,,
Black Widow,Hero Board Ability,Passive Ability,Red Room Training,Passive,,,,"Begin the game with 3 Covert Ops. You may play Ability Upgrades during any Roll Phase. If you have at least 5 Ability Upgrades in play, add 1 dmg to all of your Attacks.",All Forms,,,,,,
Black Widow,Hero Board Ability,Offensive Ability,Baton Strike,[batons] ×3 / [batons] ×4 / [batons] ×5,,,,[batons] ×3: Deal 5 dmg. [batons] ×4: Deal 6 dmg. [batons] ×5: Deal 7 dmg.,All Forms,,,,,,
Black Widow,Hero Board Ability,Offensive Ability,Infiltrate,[espionage] ×2 + [batons] ×1 + [widow] ×1,,,,Gain Agility. Advance all Time Bomb tokens. Then inflict Time Bomb.,All Forms,,,,,,
Black Widow,Hero Board Ability,Offensive Ability,Widow's Gauntlets,[espionage] ×3 + [batons] ×2,,,,Gain 1 CP. Deal 6 dmg. Add 1 dmg per Ability Upgrade you have in play.,All Forms,,,,,,
Black Widow,Hero Board Ability,Offensive Ability,Hacked,Small Straight,,,,"Inflict Time Bomb. Deal 5 dmg. If you have at least 3 Ability Upgrades in play, deal 7 dmg instead.",All Forms,,,,,,
Black Widow,Hero Board Ability,Offensive Ability,Grapple,[widow] ×4,,,,"Gain Agility. Deal 6 undefendable dmg. Add 1 dmg per Ability Upgrade you have in play. If you have at least 2 Ability Upgrades in play, gain 1 CP.",All Forms,,,,,,
Black Widow,Hero Board Ability,Offensive Ability,Vengeance,Large Straight,,,,"Gain Agility. Deal 7 dmg and roll 4 [dice]: Add 1 × [batons] dmg. On [espionage], inflict Time Bomb. On [widow] ×2, gain Covert Ops.",All Forms,,,,,,
Black Widow,Hero Board Ability,Defensive Ability,Sabotage,Defense Roll 3 [dice],,,,"Deal 1 × [batons] dmg. Prevent 1 × [espionage] dmg. On [widow] ×2, inflict Time Bomb. If you have at least 4 Ability Upgrades in play, you may re-roll any of these dice.",All Forms,,,,,,
Black Widow,Hero Board Ability,Ultimate Ability,Widow's Bite!,[widow] ×5,,,,"Search your deck for up to two Ability Upgrades and put them into play. Then shuffle your deck. Inflict Time Bomb. Deal 10 dmg. ULTIMATE — Dice may be altered to prevent an Ultimate. Otherwise, no action of any kind may be performed by any opponent until the ability fully completes.",All Forms,,,,,,
Black Widow,Character Die,Die Symbol,Espionage,,,,1; 2,Espionage.,All Forms,,,,,,
Black Widow,Character Die,Die Symbol,Batons,,,,3; 4; 5,Batons.,All Forms,,,,,,
Black Widow,Character Die,Die Symbol,Widow,,,,6,Widow.,All Forms,,,,,,
Black Widow,Unique Card,Hero Upgrade,Sabotage II,Defense Roll 4 [dice],,2,,"Deal 1 × [batons] dmg. Prevent 1 × [espionage] dmg. On [widow] ×2, inflict Time Bomb. If you have at least 4 Ability Upgrades in play, you may re-roll any of these dice.",All Forms,,,,,,
Black Widow,Unique Card,Hero Upgrade,Vengeance II / Subvert,Vengeance II: Large Straight; Subvert: [espionage] ×1 + [batons] ×3,,2,,"VENGEANCE II — Gain Agility. Deal 7 dmg and roll 5 [dice]: Add 1 × [batons] dmg. On [espionage], inflict Time Bomb. On [widow] ×2, gain Covert Ops. SUBVERT — Gain Covert Ops and Agility.",All Forms,,,,,,
Black Widow,Unique Card,Hero Upgrade,Infiltrate II / Spy Game,Infiltrate II: [espionage] ×2 + [batons] ×1 + [widow] ×1; Spy Game: [espionage] ×2 + [batons] ×1 + [widow] ×2,,2,,INFILTRATE II — Gain Agility. Inflict Time Bomb. Then advance all Time Bomb tokens. SPY GAME — Gain Covert Ops and Agility. Deal 6 undefendable dmg.,All Forms,,,,,,
Black Widow,Unique Card,Instant Action,Assemble!,,,1,,Gain 2 Agility.,All Forms,,,,,,
Black Widow,Unique Card,Main Phase Action,Undercover Mission!,,,2,,"A chosen opponent gains Time Bomb. If you have at least 4 Ability Upgrades in play, gain Agility.",All Forms,,,,,,
Black Widow,Unique Card,Roll Phase Action,Elude!,,,1,,"If the outcome of an Agility die roll is 5-6, you may play this card to ignore all incoming dmg. This card can be played after your dice have been re-rolled.",All Forms,,,,,,
Black Widow,Unique Card,Hero Upgrade,Red Room Training II,Passive,,2,,"Whenever you play an Ability Upgrade card, draw 1 (excluding this card). You may play Ability Upgrades during any Roll Phase. If you have at least 5 Ability Upgrades in play, add 1 dmg to all of your Attacks.",All Forms,,,,,,
Black Widow,Unique Card,Main Phase Action,Cunning!,,,2,,Look at the top 5 cards of your deck. Reveal all Ability Upgrades to your opponent and then add them to your hand. Put all remaining cards back in any order.,All Forms,,,,,,
Black Widow,Unique Card,Hero Upgrade,Hacked II,Small Straight,,1,,"A chosen opponent is inflicted with Time Bomb. Deal 6 dmg. If you have at least 3 Ability Upgrades in play, deal 8 dmg instead.",All Forms,,,,,,
Black Widow,Unique Card,Roll Phase Action,Recoil!,,,0,,"Play only after being Attacked. Roll 2 [dice]: On [espionage], gain 1 CP. On [widow], prevent 1/2 incoming dmg (rounded up).",All Forms,,,,,,
Black Widow,Unique Card,Hero Upgrade,Widow's Gauntlets II / Covert Mission,Widow's Gauntlets II: [espionage] ×3 + [batons] ×2; Covert Mission: [espionage] ×2 + [batons] ×2,,2,,WIDOW'S GAUNTLETS II — Gain 1 CP. Deal 7 dmg. Add 1 dmg per Ability Upgrade you have in play. COVERT MISSION — Inflict Time Bomb on up to two different chosen opponents.,All Forms,,,,,,
Black Widow,Unique Card,Roll Phase Action (Attack Modifier),Subversion!,,,1,,Add 2 dmg. Add an additional 1 dmg for each Ability Upgrade played this turn.,All Forms,,,,,,
Black Widow,Unique Card,Hero Upgrade,Grapple II / Recon,Grapple II: [widow] ×4; Recon: [widow] ×3,,2,,GRAPPLE II — Gain 1 CP and Agility. Deal 7 undefendable dmg. Add 1 dmg per Ability Upgrade you have in play. RECON — Gain Agility. Search your deck for an Ability Upgrade and put it into play. Then shuffle your deck.,All Forms,,,,,,
Black Widow,Unique Card,Hero Upgrade,Baton Strike II,[batons] ×3 / [batons] ×4 / [batons] ×5,,1,,"[batons] ×3: Deal 6 dmg. [batons] ×4: Deal 7 dmg. [batons] ×5: Deal 8 dmg. When this card is played, force an opponent to reveal their hand to you.",All Forms,,,,,,
Treant,Companion,Companion Rules,Spirits,,,,,"You may spend 1 Spirit of each type once per turn to receive one of the effects listed in their sections. To ‘Grow a Spirit’ means to gain a Seedling or upgrade an existing Spirit from Seedling to Sapling, or from Sapling to Dryad.",All Forms,,,,,,
Treant,Companion,Companion State,Seedling Spirit,,,,,Spend Seedling to re-roll 1 of your dice.,All Forms,,,3,,,
Treant,Companion,Companion State,Sapling Spirit,,,,,Spend Sapling to Heal 1 and gain 1 CP. Spend Sapling and 1 CP to draw 1.,All Forms,,,2,,,
Treant,Companion,Companion State,Dryad Spirit,,,,,"Spend Dryad to add 3 dmg. Attack Modifier. If an opponent's Attack would inflict a Negative Status Effect upon you, you may spend Dryad at the conclusion of their Offensive Roll Phase to prevent that incoming status effect.",All Forms,,,1,,,
Treant,Status Effect,Negative Status Effect,Barbed Vine,,1,,,"Receive 1 dmg for additional Roll Attempts: A player afflicted with this token receives 1 dmg for each Roll Attempt beyond the first during their Offensive Roll Phase, up to a maximum of 2 dmg per turn. This token is removed and then this dmg is applied at the conclusion of the Roll Phase.",All Forms,,,,,,
Treant,Status Effect,Positive Status Effect,Wellspring,,1,,,Heal 1/2 of 1 die during Main Phase: A player with this token may spend it during their Main Phase and roll 1 [die]: gain 1/2 the value as Health (rounded up).,All Forms,,,,,,
Treant,Hero Board Ability,Passive Ability,Fertilize,Passive; Upkeep Phase,,,,"During your Upkeep Phase, grow 1 Spirit.",All Forms,,,,,,
Treant,Hero Board Ability,Offensive Ability,Splinter,[branch] ×3 / [branch] ×4 / [branch] ×5,,,,[branch] ×3: Deal 5 dmg. [branch] ×4: Deal 6 dmg. [branch] ×5: Deal 7 dmg. You may discard 1 Spirit to inflict Barbed Vine.,All Forms,,,,,,
Treant,Hero Board Ability,Offensive Ability,Tend,[leaf] ×2 + [spirit] ×2,,,,Draw 1. Grow 3 Spirits. A chosen player gains Wellspring. A chosen opponent is inflicted with Barbed Vine.,All Forms,,,,,,
Treant,Hero Board Ability,Offensive Ability,Overgrowth,[branch] ×2 + [leaf] ×3,,,,Deal 2 dmg. You may remove up to 2 Spirits to add 4 dmg per Spirit removed. You may discard Wellspring to make this Attack undefendable.,All Forms,,,,,,
Treant,Hero Board Ability,Offensive Ability,Vengeful Vines,Small Straight,,,,Inflict Barbed Vine. Deal 7 dmg.,All Forms,,,,,,
Treant,Hero Board Ability,Offensive Ability,Nature's Grasp,[spirit] ×4,,,,Grow 2 Spirits. Then deal 5 undefendable dmg plus 1 dmg per Spirit.,All Forms,,,,,,
Treant,Hero Board Ability,Offensive Ability,Call of the Wild,Large Straight,,,,"Deal 8 dmg and roll 4 [dice]: Add 1 × [branch] dmg. On [leaf], gain Wellspring. Grow 1 × [spirit] Spirits.",All Forms,,,,,,
Treant,Hero Board Ability,Defensive Ability,Rooted,Defense Roll 3 [dice],,,,"Prevent 1 × [branch] plus 1 × [spirit] dmg. On [leaf] ×2, grow a Spirit.",All Forms,,,,,,
Treant,Hero Board Ability,Ultimate Ability,Wake the Forest!,[spirit] ×5,,,,"You and a chosen teammate gain Wellspring. Grow 5 Spirits. Inflict Barbed Vine. Then deal 10 dmg. ULTIMATE — Dice may be altered to prevent an Ultimate. Otherwise, no action of any kind may be performed by any opponent until the ability fully completes.",All Forms,,,,,,
Treant,Character Die,Die Symbol,Branch,,,,1; 2; 3,Branch.,All Forms,,,,,,
Treant,Character Die,Die Symbol,Leaf,,,,4; 5,Leaf.,All Forms,,,,,,
Treant,Character Die,Die Symbol,Spirit,,,,6,Spirit.,All Forms,,,,,,
Treant,Unique Card,Instant Action,Drink Deep!,,,1,,A chosen player gains Wellspring.,All Forms,,,,,,
Treant,Unique Card,Main Phase Action,Harvest!,,,0,,"Remove up to 3 Spirits and gain 1 CP per Spirit removed. If at least 2 were removed, up to two chosen players gain Wellspring.",All Forms,,,,,,
Treant,Unique Card,Main Phase Action,Cultivate!,,,3,,Grow 3 Spirits.,All Forms,,,,,,
Treant,Unique Card,Main Phase Action,Down Pour!,,,2,,"You may grow all existing Spirits once each, in any order.",All Forms,,,,,,
Treant,Unique Card,Roll Phase Action (Attack Modifier),Stomp!,,,1,,"Roll 5 [dice]: Add 1 × [branch] dmg. If at least 3 dmg was added, inflict Barbed Vine.",All Forms,,,,,,
Treant,Unique Card,Hero Upgrade,Splinter II,[branch] ×3 / [branch] ×4 / [branch] ×5,,1,,[branch] ×3: Deal 5 dmg. [branch] ×4: Deal 6 dmg. [branch] ×5: Deal 7 dmg. Inflict Barbed Vine.,All Forms,,,,,,
Treant,Unique Card,Hero Upgrade,Tend II / Cultivate,Tend II: [leaf] ×2 + [spirit] ×2; Cultivate: [branch] ×2 + [spirit] ×2,,2,,TEND II — Draw 1. Grow 4 Spirits. A chosen player gains Wellspring. A chosen opponent is inflicted with Barbed Vine. CULTIVATE — Grow 6 Spirits.,All Forms,,,,,,
Treant,Unique Card,Hero Upgrade,Splinter III,[branch] ×3 / [branch] ×4 / [branch] ×5,,2,,"[branch] ×3: Deal 5 dmg. [branch] ×4: Deal 6 dmg. [branch] ×5: Deal 7 dmg. On 3-of-a-kind (#'s), grow a Spirit. Inflict Barbed Vine.",All Forms,,,,,,
Treant,Unique Card,Hero Upgrade,Rooted II,Defense Roll 4 [dice],,3,,"Prevent 1 × [branch] plus 1 × [spirit] dmg. On [leaf] ×2, grow a Spirit. On [spirit] ×2, a chosen player gains Wellspring.",All Forms,,,,,,
Treant,Unique Card,Hero Upgrade,Call of the Wild II / Enrapture,Call of the Wild II: Large Straight; Enrapture: [branch] ×2 + [spirit] ×2,,2,,"CALL OF THE WILD II — Deal 8 dmg and roll 5 [dice]: Add 1 × [branch] dmg. On [leaf], gain Wellspring. Grow 1 × [spirit] Spirits. ENRAPTURE — Inflict Barbed Vine. Deal 4 undefendable dmg.",All Forms,,,,,,
Treant,Unique Card,Main Phase Action,Mother Tree!,,,0,,"PROMO CARD — Roll 1 [die]: On [spirit], grow 4 Spirits. On any other outcome, draw 1.",All Forms,,,,,,
Treant,Unique Card,Hero Upgrade,Overgrowth II / Plant,Overgrowth II: [branch] ×2 + [leaf] ×3; Plant: [branch] ×1 + [leaf] ×2,,2,,OVERGROWTH II — Deal 4 dmg. You may remove up to 2 Spirits to add 4 dmg per Spirit removed. You may discard Wellspring to make this Attack undefendable. PLANT — Grow 3 Spirits.,All Forms,,,,,,
Treant,Unique Card,Hero Upgrade,Nature's Grasp II / Nature's Blessing,Nature's Grasp II: [spirit] ×4; Nature's Blessing: [spirit] ×3,,2,,NATURE'S GRASP II — Grow 2 Spirits. Then deal 6 undefendable dmg plus 1 dmg per Spirit. NATURE'S BLESSING — Heal 1. Gain 1 CP. Draw 1. Grow 1 Spirit.,All Forms,,,,,,
Treant,Unique Card,Main Phase Action,Will O' Wisp!,,,1,,"Roll 3 [dice]: On [branch], deal 1 collateral dmg to all opponents. On [leaf], gain Wellspring. On [spirit], grow 1 Spirit.",All Forms,,,,,,
Ninja,Status Effect,Negative Status Effect,Delayed Poison,,2,,,Receive 3 dmg at the end of your turn: A player afflicted with this token removes it at the conclusion of their turn and then receives 3 dmg.,All Forms,,,,,,
Ninja,Status Effect,Positive Status Effect,Smoke Bomb,,1,,,"Spend and roll 1-3 to avoid damage: When a player with this token receives dmg, they may choose to spend it. If spent, roll 1 [die]. If the outcome is 1-3, no dmg is received, although other associated effects may still apply.",All Forms,,,,,,
Ninja,Status Effect,Positive Status Effect,Ninjutsu,,3,,,"Spend and roll to modify your Attack: After Attacking, a player with this token may spend it and roll 1 [die]: • On 1-3, add 1 dmg. • On 4-5, add 2 dmg. • On 6, choose either to add 2 dmg, inflict Delayed Poison, or make your Attack undefendable. Attack Modifier.",All Forms,,,,,,
Ninja,Hero Board Ability,Offensive Ability,Slash,[ninjatō] ×3 / [ninjatō] ×4 / [ninjatō] ×5,,,,[ninjatō] ×3: Deal 5 dmg. [ninjatō] ×4: Deal 6 dmg. [ninjatō] ×5: Deal 7 dmg.,All Forms,,,,,,
Ninja,Hero Board Ability,Offensive Ability,Walk the Line,[shuriken] ×4,,,,"Roll 2 [dice] and deal dmg equal to the total roll value. If the final roll value is 6 or less, this Attack becomes undefendable.",All Forms,,,,,,
Ninja,Hero Board Ability,Offensive Ability,Death Blossom,[ninjatō] ×3 + [shuriken] ×2,,,,"Roll 5 [dice]: Deal 1 × [ninjatō] plus 2 × [shuriken] dmg. On [mask], this Attack becomes undefendable.",All Forms,,,,,,
Ninja,Hero Board Ability,Offensive Ability,Smoke Screen,[ninjatō] ×1 + [shuriken] ×2 + [mask] ×1,,,,A chosen player gains Smoke Bomb and 2 Ninjutsu. A chosen opponent is inflicted with Delayed Poison.,All Forms,,,,,,
Ninja,Hero Board Ability,Offensive Ability,Poison Blade,Small Straight,,,,Inflict Delayed Poison. Deal 5 dmg.,All Forms,,,,,,
Ninja,Hero Board Ability,Offensive Ability,Shadewalk,[mask] ×4,,,,Gain Smoke Bomb. Inflict Delayed Poison. Deal 6 undefendable dmg.,All Forms,,,,,,
Ninja,Hero Board Ability,Offensive Ability,Shadow Fang,Large Straight,,,,Gain 2 Ninjutsu. Then deal 8 dmg.,All Forms,,,,,,
Ninja,Hero Board Ability,Defensive Ability,Shade Shift,Defense Roll 3 [dice],,,,"On [ninjatō], deal 1 dmg. On [shuriken], deal 2 dmg. On [mask] ×2, gain Smoke Bomb. You may re-roll one of these dice.",All Forms,,,,,,
Ninja,Hero Board Ability,Ultimate Ability,Assassinate!,[mask] ×5,,,,"Inflict Delayed Poison on two chosen opponents, which may be the same opponent. Gain Smoke Bomb. Deal 10 dmg. ULTIMATE — Dice may be altered to prevent an Ultimate. Otherwise, no action of any kind may be performed by any opponent until the ability fully completes.",All Forms,,,,,,
Ninja,Character Die,Die Symbol,Ninjatō,,,,1; 2; 3,Ninjatō.,All Forms,,,,,,
Ninja,Character Die,Die Symbol,Shuriken,,,,4; 5,Shuriken.,All Forms,,,,,,
Ninja,Character Die,Die Symbol,Mask,,,,6,Mask.,All Forms,,,,,,
Ninja,Unique Card,Hero Upgrade,Shadewalk II / Jugulate,Shadewalk II: [mask] ×4; Jugulate: [mask] ×3,,2,,SHADEWALK II — Gain Smoke Bomb. Inflict 2 Delayed Poison. Deal 5 undefendable dmg. JUGULATE — Gain 3 Ninjutsu. Inflict Delayed Poison on a chosen opponent.,All Forms,,,,,,
Ninja,Unique Card,Hero Upgrade,Death Blossom II,[ninjatō] ×3 + [shuriken] ×2,,2,,"Roll 5 [dice]: Deal 1 × [ninjatō] plus 2 × [shuriken] dmg. On [mask], this Attack becomes undefendable. On [mask] ×2, inflict Delayed Poison. You may re-roll up to two of these dice.",All Forms,,,,,,
Ninja,Unique Card,Hero Upgrade,Slash II,[ninjatō] ×3 / [ninjatō] ×4 / [ninjatō] ×5,,2,,"[ninjatō] ×3: Deal 4 dmg. [ninjatō] ×4: Deal 6 dmg. [ninjatō] ×5: Deal 8 dmg. On 3-of-a-kind (#'s), gain Ninjutsu.",All Forms,,,,,,
Ninja,Unique Card,Main Phase Action,Poison Dart!,,,2,,Inflict Delayed Poison on a chosen opponent.,All Forms,,,,,,
Ninja,Unique Card,Hero Upgrade,Smokescreen II / Kuji-Kiri,Smokescreen II: [ninjatō] ×1 + [shuriken] ×2 + [mask] ×1; Kuji-Kiri: [shuriken] ×3 + [mask] ×2,,2,,"SMOKESCREEN II — A chosen player gains Smoke Bomb and 3 Ninjutsu. A chosen opponent is inflicted with Delayed Poison. KUJI-KIRI — Deal 4 pure dmg to two chosen opponents, which may be the same opponent twice.",All Forms,,,,,,
Ninja,Unique Card,Instant Action,Train!,,,0,,Gain Ninjutsu.,All Forms,,,,,,
Ninja,Unique Card,Main Phase Action,Dojo!,,,0,,"PROMO CARD — Roll 1 [die]: On [mask], gain Smoke Bomb and 2 Ninjutsu. On any other outcome, draw 1.",All Forms,,,,,,
Ninja,Unique Card,Hero Upgrade,Shade Shift II,Defense Roll 3 [dice],,2,,"Deal 1 × [ninjatō] dmg. On [shuriken], deal 2 dmg. On [mask] ×2, gain Smoke Bomb. You may re-roll up to two of these dice.",All Forms,,,,,,
Ninja,Unique Card,Hero Upgrade,Walk the Line II / Tip of the Blade,Walk the Line II: [shuriken] ×4; Tip of the Blade: [shuriken] ×3,,2,,"WALK THE LINE II — Roll 2 [dice] and deal dmg equal to the total roll value. You may re-roll one of these dice. If the final roll value is 6 or less, this Attack becomes undefendable. TIP OF THE BLADE — Roll 1 [die]. Deal pure dmg equal to the roll value.",All Forms,,,,,,
Ninja,Unique Card,Hero Upgrade,Poison Blade II,Small Straight,,1,,"Roll 1 [die]: On [ninjatō], inflict Delayed Poison. On [shuriken] or [mask], inflict 2 Delayed Poison. Deal 5 dmg.",All Forms,,,,,,
Ninja,Unique Card,Roll Phase Action,Escape!,,,0,,"Play only after being Attacked. Roll 1 [die]: On [ninjatō], prevent 1 dmg. On [shuriken], prevent 2 dmg. On [mask], gain Smoke Bomb.",All Forms,,,,,,
Ninja,Unique Card,Instant Action,Smoke Offering!,,,0,,"If you discard 1 card, a chosen player gains Smoke Bomb.",All Forms,,,,,,
Ninja,Unique Card,Main Phase Action,Fan of Knives!,,,2,,"Deal 1 undefendable dmg to three chosen opponents, which may be the same opponent multiple times.",All Forms,,,,,,
Ninja,Unique Card,Roll Phase Action (Attack Modifier),Throwing Stars!,,,1,,Roll 5 [dice]: Add 1 × [shuriken] dmg. You may re-roll up to five of these dice.,All Forms,,,,,,
Ninja,Unique Card,Hero Upgrade,Shadow Fang II / Misdirect,Shadow Fang II: Large Straight; Misdirect: [ninjatō] ×2 + [mask] ×2,,2,,SHADOW FANG II — Gain Smoke Bomb and 2 Ninjutsu. Then deal 8 dmg. MISDIRECT — Gain Smoke Bomb. Deal 2 undefendable dmg.,All Forms,,,,,,
Moon Elf,Status Effect,Negative Status Effect,Blind,,1,,,"On 1-2, fail Offensive Roll Phase: The next time a player afflicted with this token concludes their Offensive Roll Phase, they must remove it and roll 1 [die]. On 1-2, their Offensive Roll Phase fails and has no effect of any kind.",All Forms,,,,,,
Moon Elf,Status Effect,Negative Status Effect,Entangle,,1,,,"Lose 1 Roll Attempt: A player afflicted with this token gets 1 fewer Roll Attempts during their next Offensive Roll Phase. At the conclusion of the Roll Phase, remove this token.",All Forms,,,,,,
Moon Elf,Status Effect,Positive Status Effect,Evasive,,3,,,"Spend and roll 1-2 to avoid damage: When a player with this token receives damage, they may choose to spend it. If spent, roll 1 [die]. If the outcome is 1-2, no dmg is received, although other associated effects may still apply. Multiple tokens may be spent in an attempt to prevent the same source of damage.",All Forms,,,,,,
Moon Elf,Status Effect,Negative Status Effect,Targeted,,1,,,"Add 2 incoming Attack dmg: When a player afflicted with this token is Attacked by an opponent, the incoming Attack dmg is increased by 2. Persistent.",All Forms,,,,,,
Moon Elf,Hero Board Ability,Offensive Ability,Longbow,[arrow] ×3 / [arrow] ×4 / [arrow] ×5,,,,[arrow] ×3: Deal 4 dmg. [arrow] ×4: Deal 5 dmg. [arrow] ×5: Deal 7 dmg.,All Forms,,,,,,
Moon Elf,Hero Board Ability,Offensive Ability,Demising Shot,[arrow] ×3 + [moon] ×2,,,,Inflict Targeted. Then deal 4 dmg.,All Forms,,,,,,
Moon Elf,Hero Board Ability,Offensive Ability,Covered Shot,[arrow] ×2 + [foot] ×3,,,,Gain Evasive. Deal 7 dmg.,All Forms,,,,,,
Moon Elf,Hero Board Ability,Offensive Ability,Exploding Arrow,[arrow] ×1 + [moon] ×3,,,,"Roll 5 [dice]: Deal 3 dmg plus 1 × [arrow] plus 1 × [foot] dmg. Additionally, opponent loses 1 CP × [moon]. Inflict Blind.",All Forms,,,,,,
Moon Elf,Hero Board Ability,Offensive Ability,Entangling Shot,Small Straight,,,,Inflict Entangle. Deal 7 dmg.,All Forms,,,,,,
Moon Elf,Hero Board Ability,Offensive Ability,Eclipse,[moon] ×4,,,,"Inflict Blind, Entangle, and Targeted. Then deal 7 dmg.",All Forms,,,,,,
Moon Elf,Hero Board Ability,Offensive Ability,Blinding Shot,Large Straight,,,,Inflict Blind. Gain Evasive. Deal 8 dmg.,All Forms,,,,,,
Moon Elf,Hero Board Ability,Defensive Ability,Missed Me,Defense Roll 5 [dice],,,,"On [foot] ×2, prevent 1/2 dmg (rounded up). For every [arrow] ×2, deal 1 dmg.",All Forms,,,,,,
Moon Elf,Hero Board Ability,Ultimate Ability,Lunar Eclipse!,[moon] ×5,,,,"Gain Evasive. Inflict Blind, Entangle, and Targeted. Then deal 12 dmg. ULTIMATE — Dice may be altered to prevent an Ultimate. Otherwise, no action of any kind may be performed by any opponent until the ability fully completes.",All Forms,,,,,,
Moon Elf,Character Die,Die Symbol,Arrow,,,,1; 2; 3,Arrow.,All Forms,,,,,,
Moon Elf,Character Die,Die Symbol,Foot,,,,4; 5,Foot.,All Forms,,,,,,
Moon Elf,Character Die,Die Symbol,Moon,,,,6,Moon.,All Forms,,,,,,
Moon Elf,Unique Card,Hero Upgrade,Longbow II,[arrow] ×3 / [arrow] ×4 / [arrow] ×5,,2,,"[arrow] ×3: Deal 4 dmg. [arrow] ×4: Deal 6 dmg. [arrow] ×5: Deal 8 dmg. On 4-of-a-kind (#'s), inflict Entangle.",All Forms,,,,,,
Moon Elf,Unique Card,Hero Upgrade,Longbow III,[arrow] ×3 / [arrow] ×4 / [arrow] ×5,,3,,"[arrow] ×3: Deal 5 dmg. [arrow] ×4: Deal 7 dmg. [arrow] ×5: Deal 9 dmg. On 3-of-a-kind (#'s), inflict Entangle.",All Forms,,,,,,
Moon Elf,Unique Card,Hero Upgrade,Demising Shot II / Focus,Demising Shot II: [arrow] ×3 + [moon] ×2; Focus: [arrow] ×2 + [moon] ×1,,2,,DEMISING SHOT II — Inflict Targeted. Then deal 6 dmg. FOCUS — Inflict Targeted and Entangle on a chosen opponent.,All Forms,,,,,,
Moon Elf,Unique Card,Main Phase Action,Moon Magic!,,,4,,"Gain Evasive. Inflict Blind, Entangle, and Targeted on a chosen opponent.",All Forms,,,,,,
Moon Elf,Unique Card,Hero Upgrade,Exploding Arrow II,[arrow] ×1 + [moon] ×3,,2,,"Roll 5 [dice]: Deal 3 dmg plus 1 × [arrow] plus 2 × [foot] dmg. Additionally, opponent loses 1 CP × [moon]. Inflict Blind.",All Forms,,,,,,
Moon Elf,Unique Card,Main Phase Action,Lunar Umbra!,,,0,,"PROMO CARD — Roll 1 [die]: On [moon], inflict Blind, Entangle, and Targeted on a chosen opponent. On any other outcome, draw 1.",All Forms,,,,,,
Moon Elf,Unique Card,Hero Upgrade,Entangling Shot II,Small Straight,,2,,Inflict Entangle. Deal 9 dmg.,All Forms,,,,,,
Moon Elf,Unique Card,Roll Phase Action (Attack Modifier),Take That!,,,0,,"Roll 1 [die]: On [arrow], add 2 dmg. On [foot], inflict Entangle. On [moon], inflict Blind.",All Forms,,,,,,
Moon Elf,Unique Card,Hero Upgrade,Covered Shot II / Evasive Action,Covered Shot II: [arrow] ×2 + [foot] ×3; Evasive Action: [foot] ×3,,2,,COVERED SHOT II — Gain Evasive. Deal 9 dmg. EVASIVE ACTION — A chosen player gains Evasive. Deal 2 undefendable dmg.,All Forms,,,,,,
Moon Elf,Unique Card,Hero Upgrade,Exploding Arrow III,[arrow] ×1 + [moon] ×3,,3,,"Roll 5 [dice]: Deal 3 dmg plus 1 × [arrow] plus 2 × [foot] dmg. Additionally, opponent loses 1 CP × [moon]. Inflict Blind and Entangle.",All Forms,,,,,,
Moon Elf,Unique Card,Hero Upgrade,Missed Me II,Defense Roll 5 [dice],,3,,"On [foot] ×2, prevent 1/2 dmg (rounded up). Deal 1 × [arrow] dmg.",All Forms,,,,,,
Moon Elf,Unique Card,Hero Upgrade,Blinding Shot II / Lunar Blessing,Blinding Shot II: Large Straight; Lunar Blessing: [arrow] ×1 + [foot] ×2 + [moon] ×1,,2,,BLINDING SHOT II — Inflict Blind. Gain Evasive. Deal 10 dmg. LUNAR BLESSING — Gain 3 Evasive. Inflict Entangle.,All Forms,,,,,,
Moon Elf,Unique Card,Roll Phase Action (Attack Modifier),Volley!,,,1,,Roll 5 [dice]: Add 1 × [arrow] dmg. Inflict Entangle.,All Forms,,,,,,
Moon Elf,Unique Card,Instant Action,Evade!,,,1,,A chosen player gains Evasive.,All Forms,,,,,,
Moon Elf,Unique Card,Hero Upgrade,Eclipse II / Moon Shadow,Eclipse II: [moon] ×4; Moon Shadow: [moon] ×3,,2,,"ECLIPSE II — Inflict Blind, Entangle, and Targeted. Then deal 9 dmg. MOON SHADOW — Gain Evasive. Inflict Blind, Entangle, and Targeted.",All Forms,,,,,,
Barbarian,Status Effect,Negative Status Effect,Concussion,,1,,,Skip Income Phase: A player afflicted with this token must skip their Income Phase and then remove this token.,All Forms,,,,,,
Barbarian,Status Effect,Negative Status Effect,Stun,,1,,,"Perform another Offensive Roll Phase: A player afflicted with this token may take no actions of any kind (i.e. no cards may be played, no defense may be made, no status tokens or passive abilities may be used, etc.). After the Attack concludes, the player who inflicted Stun removes the token and then immediately targets the same opponent with an additional Offensive Roll Phase. If this opponent is removed from the battlefield, this additional Offensive Roll Phase is forfeited.",All Forms,,,,,,
Barbarian,Hero Board Ability,Offensive Ability,Smack,[sword] ×3 / [sword] ×4 / [sword] ×5,,,,[sword] ×3: Deal 4 dmg. [sword] ×4: Deal 6 dmg. [sword] ×5: Deal 8 dmg.,All Forms,,,,,,
Barbarian,Hero Board Ability,Offensive Ability,Sturdy Blow,[sword] ×2 + [pow] ×2,,,,Deal 4 undefendable dmg.,All Forms,,,,,,
Barbarian,Hero Board Ability,Offensive Ability,Fortitude,[life] ×3 / [life] ×4 / [life] ×5,,,,[life] ×3: Heal 4. [life] ×4: Heal 5. [life] ×5: Heal 6.,All Forms,,,,,,
Barbarian,Hero Board Ability,Offensive Ability,Overpower,[sword] ×3 + [pow] ×2,,,,"Roll 3 [dice]. Then deal dmg equal to the total roll value. If the roll value is at least 14, inflict Concussion.",All Forms,,,,,,
Barbarian,Hero Board Ability,Offensive Ability,Mighty Blow,Small Straight,,,,Deal 9 dmg.,All Forms,,,,,,
Barbarian,Hero Board Ability,Offensive Ability,Crit Bash,[pow] ×4,,,,Inflict Stun. Then deal 5 undefendable dmg.,All Forms,,,,,,
Barbarian,Hero Board Ability,Offensive Ability,Reckless,Large Straight,,,,Deal 15 dmg and receive 4 dmg in return. Return dmg only applies if at least 1 dmg was dealt successfully.,All Forms,,,,,,
Barbarian,Hero Board Ability,Defensive Ability,Thick Skin,Defense Roll 3 [dice],,,,Heal 2 × [life].,All Forms,,,,,,
Barbarian,Hero Board Ability,Ultimate Ability,Rage!,[pow] ×5,,,,"Inflict Stun. Deal 15 dmg. ULTIMATE — Dice may be altered to prevent an Ultimate. Otherwise, no action of any kind may be performed by any opponent until the ability fully completes.",All Forms,,,,,,
Barbarian,Character Die,Die Symbol,Sword,,,,1; 2; 3,Sword.,All Forms,,,,,,
Barbarian,Character Die,Die Symbol,Life,,,,4; 5,Life.,All Forms,,,,,,
Barbarian,Character Die,Die Symbol,Pow,,,,6,Pow.,All Forms,,,,,,
Barbarian,Unique Card,Hero Upgrade,Sturdy Blow III,[sword] ×2 + [pow] ×2,,2,,Deal 6 undefendable dmg.,All Forms,,,,,,
Barbarian,Unique Card,Hero Upgrade,Sturdy Blow II,[sword] ×2 + [pow] ×2,,1,,Deal 5 undefendable dmg.,All Forms,,,,,,
Barbarian,Unique Card,Roll Phase Action (Attack Modifier),Get Some!,,,2,,Roll 5 [dice]: Add 1 × [sword] dmg. Inflict Concussion.,All Forms,,,,,,
Barbarian,Unique Card,Hero Upgrade,Overpower II / War Cry,Overpower II: [sword] ×3 + [pow] ×2; War Cry: [sword] ×2 + [life] ×2,,2,,"OVERPOWER II — Roll 3 [dice]. Then deal dmg equal to the total roll value. If the roll value is at least 10, inflict Concussion. WAR CRY — Heal 2. Deal 2 undefendable dmg.",All Forms,,,,,,
Barbarian,Unique Card,Hero Upgrade,Mighty Blow II,Small Straight,,2,,Deal 8 undefendable dmg.,All Forms,,,,,,
Barbarian,Unique Card,Hero Upgrade,Fortitude II,[life] ×3 / [life] ×4 / [life] ×5,,2,,"[life] ×3: Heal 5. [life] ×4: Heal 6. [life] ×5: Heal 7. On 3-of-a-kind (#'s), you may also remove one status effect from yourself.",All Forms,,,,,,
Barbarian,Unique Card,Main Phase Action,Adrenaline Surge!,,,0,,"PROMO CARD — Roll 1 [die]: On [pow], Heal 2 and inflict Concussion on a chosen opponent. On any other outcome, draw 1.",All Forms,,,,,,
Barbarian,Unique Card,Hero Upgrade,Smack III,[sword] ×3 / [sword] ×4 / [sword] ×5,,3,,"[sword] ×3: Deal 6 dmg. [sword] ×4: Deal 8 dmg. [sword] ×5: Deal 10 dmg. On 4-of-a-kind (#'s), this Attack becomes undefendable.",All Forms,,,,,,
Barbarian,Unique Card,Hero Upgrade,Crit Bash II / Crit Smash,Crit Bash II: [pow] ×4; Crit Smash: [pow] ×3,,2,,CRIT BASH II — Inflict Stun. Then deal 7 undefendable dmg. CRIT SMASH — Inflict Concussion. Then deal 2 undefendable dmg.,All Forms,,,,,,
Barbarian,Unique Card,Hero Upgrade,Smack II,[sword] ×3 / [sword] ×4 / [sword] ×5,,2,,"[sword] ×3: Deal 5 dmg. [sword] ×4: Deal 7 dmg. [sword] ×5: Deal 9 dmg. On 4-of-a-kind (#'s), this Attack becomes undefendable.",All Forms,,,,,,
Barbarian,Unique Card,Instant Action,Feelin' Good!,,,0,,Roll 3 [dice]. Heal 1 plus 2 × [life].,All Forms,,,,,,
Barbarian,Unique Card,Hero Upgrade,Reckless II,Large Straight,,2,,Deal 20 dmg and receive 5 dmg in return. Return dmg only applies if at least 1 dmg was dealt successfully.,All Forms,,,,,,
Barbarian,Unique Card,Hero Upgrade,Thick Skin II,Defense Roll 4 [dice],,3,,"Heal 2 × [life]. On [life] ×2, you may also prevent 1 incoming status effect.",All Forms,,,,,,
Barbarian,Unique Card,Roll Phase Action,Head Bash!,,,0,,"If you successfully dealt at least 8 dmg to an opponent after their defense concluded, play this card to inflict Concussion.",All Forms,,,,,,
Barbarian,Unique Card,Main Phase Action,Concuss!,,,1,,Inflict Concussion on a chosen opponent.,All Forms,,,,,,
Pyromancer,Status Effect,Negative Status Effect,Knockdown,,1,,,"Spend 2 CP or skip Offensive Roll Phase: To remove this token, a player afflicted with it must spend 2 CP before the start of their Offensive Roll Phase. If the player does not, they must skip their Offensive Roll Phase and then remove this token.",All Forms,,,,,,
Pyromancer,Status Effect,Negative Status Effect,Burn,,1,,,Receive 2 dmg in Upkeep Phase: A player afflicted with this token receives 2 dmg during their Upkeep Phase. Persistent.,All Forms,,,,,,
Pyromancer,Status Effect,Positive Status Effect,Fire Mastery,,5,,,Remove 1 token per turn: A player with this token must ‘cool off’ during their Upkeep Phase by removing 1 token. Fire Mastery increases the power of various abilities.,All Forms,,,,,,
Pyromancer,Status Effect,Negative Status Effect,Stun,,1,,,"Perform another Offensive Roll Phase: A player afflicted with this token may take no actions of any kind (i.e. no cards may be played, no defense may be made, no status tokens or passive abilities may be used, etc.). After the Attack concludes, the player who inflicted Stun removes the token and then immediately targets the same opponent with an additional Offensive Roll Phase. If this opponent is removed from the battlefield, this additional Offensive Roll Phase is forfeited.",All Forms,,,,,,
Pyromancer,Hero Board Ability,Offensive Ability,Fireball,[flame] ×3 / [flame] ×4 / [flame] ×5,,,,[flame] ×3: Deal 4 dmg. [flame] ×4: Deal 6 dmg. [flame] ×5: Deal 8 dmg. Gain 1 Fire Mastery.,All Forms,,,,,,
Pyromancer,Hero Board Ability,Offensive Ability,Burning Soul,[fiery soul] ×2,,,,Gain 2 × [fiery soul] Fire Mastery. Deal 1 × [fiery soul] collateral dmg to all opponents.,All Forms,,,,,,
Pyromancer,Hero Board Ability,Offensive Ability,Pyroblast,[flame] ×3 + [meteor] ×1,,,,"Deal 6 dmg and roll 1 [die]: On [flame], add 3 dmg. On [blaze], inflict Burn. On [fiery soul], gain 2 Fire Mastery. On [meteor], inflict Knockdown.",All Forms,,,,,,
Pyromancer,Hero Board Ability,Offensive Ability,Combustion,[flame] ×1 + [blaze] ×1 + [fiery soul] ×1 + [meteor] ×1,,,,Gain 1 Fire Mastery. Then remove up to 4 Fire Mastery tokens and deal 3 undefendable dmg per token removed.,All Forms,,,,,,
Pyromancer,Hero Board Ability,Offensive Ability,Hot Streak,Small Straight,,,,Gain 2 Fire Mastery. Then deal 5 dmg plus 1 dmg per Fire Mastery.,All Forms,,,,,,
Pyromancer,Hero Board Ability,Offensive Ability,Meteorite,[meteor] ×4,,,,"Gain 2 Fire Mastery. Inflict Stun. Then deal 1 undefendable dmg per Fire Mastery. Additionally, deal 2 collateral dmg to all opponents.",All Forms,,,,,,
Pyromancer,Hero Board Ability,Offensive Ability,Ignite,Large Straight,,,,Gain 2 Fire Mastery. Inflict Burn. Then deal 4 dmg plus 2 dmg per Fire Mastery.,All Forms,,,,,,
Pyromancer,Hero Board Ability,Defensive Ability,Molten Armor,Defense Roll 5 [dice],,,,Gain 1 × [fiery soul] Fire Mastery. Deal 1 × [flame] dmg.,All Forms,,,,,,
Pyromancer,Hero Board Ability,Ultimate Ability,Scorch the Earth!,[meteor] ×5,,,,"Gain 3 Fire Mastery. Inflict Knockdown and Burn. Deal 12 dmg. Additionally, deal 2 collateral dmg to all opponents. ULTIMATE — Dice may be altered to prevent an Ultimate. Otherwise, no action of any kind may be performed by any opponent until the ability fully completes.",All Forms,,,,,,
Pyromancer,Character Die,Die Symbol,Flame,,,,1; 2; 3,Flame.,All Forms,,,,,,
Pyromancer,Character Die,Die Symbol,Blaze,,,,4,Blaze.,All Forms,,,,,,
Pyromancer,Character Die,Die Symbol,Fiery Soul,,,,5,Fiery Soul.,All Forms,,,,,,
Pyromancer,Character Die,Die Symbol,Meteor,,,,6,Meteor.,All Forms,,,,,,
Pyromancer,Unique Card,Hero Upgrade,Meteorite II / Meteoroid,Meteorite II: [meteor] ×4; Meteoroid: [meteor] ×3,,2,,"METEORITE II — Gain 2 Fire Mastery. Inflict Stun. Then deal 1 undefendable dmg per Fire Mastery. Additionally, deal 3 collateral dmg to all opponents. METEOROID — Inflict Knockdown, Burn, and Stun.",All Forms,,,,,,
Pyromancer,Unique Card,Hero Upgrade,Molten Armor II,Defense Roll 5 [dice],,1,,"Gain 1 × [fiery soul] Fire Mastery. On [flame] plus [blaze], inflict Burn. Deal 1 × [flame] dmg.",All Forms,,,,,,
Pyromancer,Unique Card,Hero Upgrade,Pyroblast II,[flame] ×3 + [meteor] ×1,,2,,"Deal 6 dmg and roll 2 [dice]: Add 3 × [flame] dmg. On [blaze], inflict Burn. Gain 2 × [fiery soul] Fire Mastery. On [meteor], inflict Knockdown.",All Forms,,,,,,
Pyromancer,Unique Card,Hero Upgrade,Fireball II,[flame] ×3 / [flame] ×4 / [flame] ×5,,1,,[flame] ×3: Deal 4 dmg. [flame] ×4: Deal 6 dmg. [flame] ×5: Deal 8 dmg. Gain 2 Fire Mastery.,All Forms,,,,,,
Pyromancer,Unique Card,Hero Upgrade,Molten Armor III,Defense Roll 5 [dice],,3,,"Gain 1 × [fiery soul] plus 1 × [meteor] Fire Mastery. On [flame] plus [blaze], inflict Burn. Deal 1 × [flame] plus 1 × [meteor] dmg.",All Forms,,,,,,
Pyromancer,Unique Card,Hero Upgrade,Burning Soul II,[fiery soul] ×2,,1,,"On [fiery soul] ×3, inflict Burn. On [fiery soul] ×4, increase Fire Mastery stack limit by 1. Gain 2 × [fiery soul] Fire Mastery. Deal 1 × [fiery soul] collateral dmg to all opponents.",All Forms,,,,,,
Pyromancer,Unique Card,Main Phase Action,Warm Up!,,,0,,Gain 1 Fire Mastery. Then spend CP as desired and gain 1 additional Fire Mastery for each CP spent.,All Forms,,,,,,
Pyromancer,Unique Card,Main Phase Action,Infernal Infusion!,,,0,,"PROMO CARD — Roll 1 [die]: On [meteor], gain max Fire Mastery. On any other outcome, draw 1.",All Forms,,,,,,
Pyromancer,Unique Card,Hero Upgrade,Ignite II / Blazing Soul,Ignite II: Large Straight; Blazing Soul: [blaze] ×2 + [fiery soul] ×2,,2,,IGNITE II — Gain 2 Fire Mastery. Inflict Burn. Then deal 5 dmg plus 2 dmg per Fire Mastery. BLAZING SOUL — Increase Fire Mastery stack limit by 1. Then gain 5 Fire Mastery. Inflict Knockdown.,All Forms,,,,,,
Pyromancer,Unique Card,Roll Phase Action (Attack Modifier),Red Hot!,,,1,,Add 1 dmg per Fire Mastery.,All Forms,,,,,,
Pyromancer,Unique Card,Hero Upgrade,Pyroblast III,[flame] ×3 + [meteor] ×1,,3,,"Deal 6 dmg and roll 2 [dice]. If desired, you may re-roll 1 [die]: Add 3 × [flame] dmg. On [blaze], inflict Burn. Gain 2 × [fiery soul] Fire Mastery. On [meteor], inflict Knockdown.",All Forms,,,,,,
Pyromancer,Unique Card,Main Phase Action,Fire Up!,,,3,,Increase Fire Mastery stack limit by 1. Then gain 2 Fire Mastery.,All Forms,,,,,,
Pyromancer,Unique Card,Hero Upgrade,Hot Streak II / Scorch,Hot Streak II: Small Straight; Scorch: [flame] ×2 + [blaze] ×2,,2,,HOT STREAK II — Gain 2 Fire Mastery. Then deal 6 dmg plus 1 dmg per Fire Mastery. SCORCH — Gain 2 Fire Mastery. Inflict Burn. Deal 6 dmg.,All Forms,,,,,,
Pyromancer,Unique Card,Hero Upgrade,Combustion II,[flame] ×1 + [blaze] ×1 + [fiery soul] ×1 + [meteor] ×1,,2,,Gain 1 Fire Mastery. Then remove up to 4 Fire Mastery tokens and deal 4 undefendable dmg per token removed.,All Forms,,,,,,
Pyromancer,Unique Card,Roll Phase Action (Attack Modifier),Huzzah!,,,1,,"Roll 1 [die]: On [flame], add 3 dmg. On [blaze], inflict Burn. On [fiery soul], gain 2 Fire Mastery. On [meteor], inflict Knockdown.",All Forms,,,,,,
Shadow Thief,Status Effect,Positive Status Effect,Shadows,,1,,,"A player with this token avoids damage: When a player with this token is damaged as a result of an opponent’s Offensive Roll Phase, no damage is received and no defense is made (although the attack still “succeeds” and other effects may apply). Discard this token after the affected player starts and concludes a single turn while under its effects.",All Forms,,,,,,
Shadow Thief,Status Effect,Positive Status Effect,Sneak Attack,,1,,,"Spend to add 1 [die] to your Attack dmg: After Attacking, a player with this token may spend it and roll 1 [die] to add the value of the die to their damage total. Attack Modifier.",All Forms,,,,,,
Shadow Thief,Status Effect,Negative Status Effect,Poison,,3,,,Receive 1 dmg in Upkeep Phase: A player afflicted with this token is dealt 1 dmg per Poison token during the Upkeep Phase of their turn. Persistent.,All Forms,,,,,,
Shadow Thief,Hero Board Ability,Offensive Ability,Dagger Strike,[dagger] ×3 / [dagger] ×4 / [dagger] ×5,,,,"[dagger] ×3: Deal 4 dmg. [dagger] ×4: Deal 6 dmg. [dagger] ×5: Deal 8 dmg. If [bag] was rolled, gain 1 CP. If [shadow] was rolled, inflict Poison.",All Forms,,,,,,
Shadow Thief,Hero Board Ability,Offensive Ability,Shifty Strike,Small Straight,,,,Gain 3 CP. Then deal half your CP as dmg (rounded up).,All Forms,,,,,,
Shadow Thief,Hero Board Ability,Offensive Ability,Pickpocket,[bag] ×2 / [bag] ×3 / [bag] ×4,,,,"[bag] ×2: Gain 2 CP. [bag] ×3: Gain 3 CP. [bag] ×4: Gain 4 CP. If [shadow] was rolled, up to 1 CP may instead be stolen from your opponent.",All Forms,,,,,,
Shadow Thief,Hero Board Ability,Offensive Ability,Insidious Strike,Large Straight,,,,Gain 3 CP. Then deal your CP as dmg.,All Forms,,,,,,
Shadow Thief,Hero Board Ability,Offensive Ability,Shadow Dance,[shadow] ×3,,,,Roll 1 [die]. Deal half the value as pure dmg. Then gain Shadows and Sneak Attack.,All Forms,,,,,,
Shadow Thief,Hero Board Ability,Defensive Ability,Shadow Defense,Defense Roll 4 [dice],,,,"On [dagger] plus [dagger], inflict Poison. On [shadow], gain Sneak Attack. On [shadow] plus [shadow], gain Sneak Attack and Shadows immediately (ignoring incoming dmg).",All Forms,,,,,,
Shadow Thief,Hero Board Ability,Offensive Ability,Carducopia,[card] ×2,,,,Draw 1 × [card].,All Forms,,,,,,
Shadow Thief,Hero Board Ability,Defensive Ability,Counter Strike,Defense Roll 5 [dice],,,,"Deal 1 × [dagger] dmg. On [dagger] plus [shadow], inflict Poison.",All Forms,,,,,,
Shadow Thief,Hero Board Ability,Ultimate Ability,Shadows Shank!,[shadow] ×5,,,,"Gain 3 CP and gain Shadows. Then deal your CP as dmg plus 5. ULTIMATE — Dice may be altered to prevent an Ultimate. Otherwise, no action of any kind may be performed by any opponent until the ability fully completes.",All Forms,,,,,,
Shadow Thief,Character Die,Die Symbol,Dagger,,,,1; 2,Dagger.,All Forms,,,,,,
Shadow Thief,Character Die,Die Symbol,Bag,,,,3; 4,Bag.,All Forms,,,,,,
Shadow Thief,Character Die,Die Symbol,Card,,,,5,Card.,All Forms,,,,,,
Shadow Thief,Character Die,Die Symbol,Shadow,,,,6,Shadow.,All Forms,,,,,,
Shadow Thief,Unique Card,Roll Phase Action,Wild Shadow!,,,4,,"Change the value of any one die. If in Shadows, change the values of any two dice instead.",All Forms,,,,,,
Shadow Thief,Unique Card,Hero Upgrade,Pickpocket II,[bag] ×2 / [bag] ×3 / [bag] ×4 / [bag] ×5,,1,,"[bag] ×2: Gain 3 CP. [bag] ×3: Gain 4 CP. [bag] ×4: Gain 5 CP. [bag] ×5: Gain 6 CP. If [shadow] was rolled, up to 2 CP may instead be stolen from your opponent.",All Forms,,,,,,
Shadow Thief,Unique Card,Hero Upgrade,Carducopia II,[card] ×2,,2,,"Draw 1 × [card]. If [shadow] was rolled, your opponent discards 1 randomly. If [bag] was rolled, gain 1 CP.",All Forms,,,,,,
Shadow Thief,Unique Card,Hero Upgrade,Counter Strike II,Defense Roll 5 [dice],,4,,"Deal 2 × [dagger] dmg. On [dagger] plus [shadow], inflict Poison.",All Forms,,,,,,
Shadow Thief,Unique Card,Instant Action,Poison Wound!,,,2,,Inflict Poison on a chosen opponent.,All Forms,,,,,,
Shadow Thief,Unique Card,Main Phase Action,Shadow Meld!,,,0,,"PROMO CARD — Roll 1 [die]: On [shadow], gain Sneak Attack and 2 CP. On any other outcome, draw 1.",All Forms,,,,,,
Shadow Thief,Unique Card,Main Phase Action,Sneaky!,,,1,,Gain Sneak Attack.,All Forms,,,,,,
Shadow Thief,Unique Card,Hero Upgrade,Dagger Strike II,[dagger] ×3 / [dagger] ×4 / [dagger] ×5,,0,,"[dagger] ×3: Deal 4 dmg. [dagger] ×4: Deal 6 dmg. [dagger] ×5: Deal 8 dmg. Gain 1 CP. If [shadow] was rolled, inflict Poison. If [card] was rolled, draw 1.",All Forms,,,,,,
Shadow Thief,Unique Card,Instant Action,Enter the Shadows!,,,4,,Gain Shadows.,All Forms,,,,,,
Shadow Thief,Unique Card,Main Phase Action,Card Trick!,,,2,,"A chosen opponent discards 1 randomly. Additionally, draw 1. If in Shadows, draw 2 instead.",All Forms,,,,,,
Shadow Thief,Unique Card,Instant Action,Shadow Coin!,,,0,,"Gain 2 CP. If in Shadows, gain 3 CP instead.",All Forms,,,,,,
Shadow Thief,Unique Card,Hero Upgrade,Shadow Defense II,Defense Roll 5 [dice],,3,,"On [dagger] plus [dagger], inflict Poison. On [shadow], gain Sneak Attack. On [shadow] plus [shadow], gain Sneak Attack and Shadows immediately (ignoring incoming dmg).",All Forms,,,,,,
Shadow Thief,Unique Card,Hero Upgrade,Shadow Dance II,[shadow] ×3,,1,,Roll 1 [die]. Deal half the value as pure dmg. Then gain Shadows and Sneak Attack. Draw 1.,All Forms,,,,,,
Shadow Thief,Unique Card,Hero Upgrade,Insidious Strike II / Shank Attack,Insidious Strike II: Large Straight; Shank Attack: [dagger] ×1 + [bag] ×1 + [card] ×1 + [shadow] ×1,,2,,INSIDIOUS STRIKE II — Gain 4 CP. Then deal your CP as dmg. SHANK ATTACK — Gain 1 CP. Gain Sneak Attack. Draw 1. Inflict Poison.,All Forms,,,,,,
Shadow Thief,Unique Card,Hero Upgrade,Shifty Strike II / Shadow Strike,Shifty Strike II: Small Straight; Shadow Strike: [dagger] ×2 + [shadow] ×2,,2,,SHIFTY STRIKE II — Gain 4 CP. Then deal half your CP as dmg (rounded up). SHADOW STRIKE — Deal half your CP as dmg (rounded up). Inflict Poison.,All Forms,,,,,,
Captain Marvel,Status Effect,Unique Status Effect,Cosmic Ray,,2,,,"Roll 2 [dice] and pick one for dmg bonus: After Attacking, a player with this token may spend it and roll 2 [dice]. Then choose one of the 2 dice and add the value of the die to the damage total. Attack Modifier. Can only spend one per turn. Cannot be spent the turn it’s gained. Cannot be removed or transferred by any means.",All Forms,,,,,,
Captain Marvel,Status Effect,Positive Status Effect,Cosmic Flare,,3,,,"Deal 1 dmg per token to all opponents: During their Upkeep Phase, a player with this token deals 1 dmg per Cosmic Flare to all opponents. Then remove 1 of these tokens.",All Forms,,,,,,
Captain Marvel,Status Effect,Positive Status Effect,Radiance,,2,,,Change a die to a 6 during defense: A player with this token may spend it to change the value of any die rolled as a part of the Roll Attempt during their Defensive Roll Phase to a 6.,All Forms,,,,,,
Captain Marvel,Hero Board Ability,Offensive Ability,Photon Punch,[photon] ×3 / [photon] ×4 / [photon] ×5,,,,"[photon] ×3: Deal 5 dmg. [photon] ×4: Deal 6 dmg. [photon] ×5: Deal 7 dmg. On 4-of-a-kind, gain Cosmic Flare.",All Forms,,,,,,
Captain Marvel,Hero Board Ability,Offensive Ability,Inner Light,[photon] ×2 + [hala star] ×2,,,,Gain Radiance. Deal 4 pure dmg.,All Forms,,,,,,
Captain Marvel,Hero Board Ability,Offensive Ability,Barrel Roll,[photon] ×1 + [ascend] ×3,,,,"Deal 6 dmg and roll 2 [dice]: On [photon], add 2 dmg. Gain 1 × [ascend] Cosmic Flare. On [hala star], gain Cosmic Ray.",All Forms,,,,,,
Captain Marvel,Hero Board Ability,Offensive Ability,Aurora Wave,[photon] ×2 + [ascend] ×1 + [hala star] ×2,,,,Gain Cosmic Ray. Roll 2 [dice]. Then deal dmg equal to the total roll value.,All Forms,,,,,,
Captain Marvel,Hero Board Ability,Offensive Ability,Photonic,Small Straight,,,,Gain Radiance. Deal 7 dmg.,All Forms,,,,,,
Captain Marvel,Hero Board Ability,Offensive Ability,Supernova,[hala star] ×4,,,,"Gain Cosmic Ray, Radiance, and 2 Cosmic Flare. Deal 5 undefendable dmg.",All Forms,,,,,,
Captain Marvel,Hero Board Ability,Offensive Ability,Light Torpedo,Large Straight,,,,Gain Cosmic Ray. Deal 7 undefendable dmg.,All Forms,,,,,,
Captain Marvel,Hero Board Ability,Defensive Ability,Energy Refraction,Defense Roll 4 [dice],,,,"Deal 1 × [hala star] dmg. Prevent 1 × [hala star] dmg. For every [ascend] ×2 rolled, gain Cosmic Flare.",All Forms,,,,,,
Captain Marvel,Hero Board Ability,Ultimate Ability,Binary Blast!,[hala star] ×5,,,,"Gain Cosmic Ray, Radiance, and 2 Cosmic Flare. Deal 12 dmg. ULTIMATE — Dice may be altered to prevent an Ultimate. Otherwise, no action of any kind may be performed by any opponent until the ability fully completes.",All Forms,,,,,,
Captain Marvel,Character Die,Die Symbol,Photon,,,,1; 2; 3,Photon.,All Forms,,,,,,
Captain Marvel,Character Die,Die Symbol,Ascend,,,,4; 5,Ascend.,All Forms,,,,,,
Captain Marvel,Character Die,Die Symbol,Hala Star,,,,6,Hala Star.,All Forms,,,,,,
Captain Marvel,Unique Card,Instant Action,Flickering!,,,0,,Gain Radiance.,All Forms,,,,,,
Captain Marvel,Unique Card,Roll Phase Action (Attack Modifier),Supersonic!,,,1,,You may spend a Cosmic Ray you gained this turn.,All Forms,,,,,,
Captain Marvel,Unique Card,Hero Upgrade,Photonic II,Small Straight,,2,,Gain Radiance. Deal 9 dmg.,All Forms,,,,,,
Captain Marvel,Unique Card,Main Phase Action,Refuel!,,,1,,"Roll 1 [die]: On [photon], gain Cosmic Flare and draw 1. On [ascend], gain Radiance and draw 1. On [hala star], gain Cosmic Ray.",All Forms,,,,,,
Captain Marvel,Unique Card,Hero Upgrade,Supernova II / Interstellar,Supernova II: [hala star] ×4; Interstellar: [hala star] ×3,,2,,"SUPERNOVA II — Gain Cosmic Ray, Radiance, and 2 Cosmic Flare. Deal 7 undefendable dmg. INTERSTELLAR — Gain 3 Cosmic Flare.",All Forms,,,,,,
Captain Marvel,Unique Card,Main Phase Action,Inner Strength!,,,2,,Gain Cosmic Ray.,All Forms,,,,,,
Captain Marvel,Unique Card,Main Phase Action,Shine Bright!,,,0,,Spend up to 3 CP. Then gain 1 Cosmic Flare per CP spent.,All Forms,,,,,,
Captain Marvel,Unique Card,Hero Upgrade,Light Torpedo II / Skyward,Light Torpedo II: Large Straight; Skyward: [photon] ×2 + [ascend] ×2,,2,,LIGHT TORPEDO II — Deal 7 undefendable dmg. Gain Cosmic Ray. This token may be spent the turn it is gained. SKYWARD — Gain 2 Radiance.,All Forms,,,,,,
Captain Marvel,Unique Card,Instant Action,Scintillate!,,,0,,Discard any number of Radiance tokens. Then prevent 3 dmg per token discarded.,All Forms,,,,,,
Captain Marvel,Unique Card,Hero Upgrade,Photon Punch II,[photon] ×3 / [photon] ×4 / [photon] ×5,,2,,"[photon] ×3: Deal 6 dmg. [photon] ×4: Deal 7 dmg. [photon] ×5: Deal 8 dmg. On 3-of-a-kind, gain Cosmic Flare.",All Forms,,,,,,
Captain Marvel,Unique Card,Hero Upgrade,Energy Refraction II,Defense Roll 5 [dice],,2,,"Deal 1 × [hala star] dmg. Prevent 1 × [hala star] dmg. For every [ascend] ×2 rolled, gain Cosmic Flare.",All Forms,,,,,,
Captain Marvel,Unique Card,Roll Phase Action,Cosmic Shield!,,,0,,"Play only after being Attacked. Roll 1 [die]: On [photon], prevent 2 dmg. On [ascend], gain Cosmic Flare. On [hala star], gain Cosmic Ray.",All Forms,,,,,,
Captain Marvel,Unique Card,Hero Upgrade,Aurora Wave II / Binary Recharge,Aurora Wave II: [photon] ×2 + [ascend] ×1 + [hala star] ×2; Binary Recharge: [ascend] ×1 + [hala star] ×2,,2,,AURORA WAVE II — Gain Radiance and Cosmic Ray. Roll 2 [dice]. Then deal dmg equal to the total roll value. BINARY RECHARGE — Gain Radiance and 2 Cosmic Flare.,All Forms,,,,,,
Captain Marvel,Unique Card,Hero Upgrade,Inner Light II / Cosmic Recharge,Inner Light II: [photon] ×2 + [hala star] ×2; Cosmic Recharge: [ascend] ×3 + [hala star] ×1,,2,,INNER LIGHT II — Gain Radiance. Deal 5 pure dmg. COSMIC RECHARGE — Gain 2 Radiance and 3 Cosmic Flare.,All Forms,,,,,,
Black Panther,Status Effect,Positive Status Effect,Kinetic Energy,,8,,,"Boosts damage and bursts at stack limit: For every 2 Kinetic Energy, increase damage from your Attacks by 1. Attack Modifier. Upon reaching the Kinetic Energy stack limit, immediately remove all Kinetic Energy tokens. Then gain 2 CP, draw 2, and deal 5 dmg to a chosen opponent as an isolated source of undefendable dmg.",All Forms,,,,,,
Black Panther,Status Effect,Unique Status Effect,Vibranium Suit,,1,,,Prevent incoming damage: A player with this token may spend it to prevent 3 incoming damage. This token may not be transferred by any means (but can be removed).,All Forms,,,,,,
Black Panther,Hero Board Ability,Passive Ability,Energy Absorption,,,,,"Whenever dmg is successfully dealt to you, gain Kinetic Energy (excluding dmg from an Ultimate).",All Forms,,,,,,
Black Panther,Hero Board Ability,Offensive Ability,Vibranium Claws,[slash] ×3 / [slash] ×4 / [slash] ×5,,,,[slash] ×3: Deal 4 dmg. [slash] ×4: Deal 5 dmg. [slash] ×5: Deal 6 dmg.,All Forms,,,,,,
Black Panther,Hero Board Ability,Offensive Ability,Stealth Strike,[slash] ×2 + [panther] ×2,,,,Deal 3 undefendable dmg.,All Forms,,,,,,
Black Panther,Hero Board Ability,Offensive Ability,Heart-Shaped Herb,[vibranium] ×3,,,,Gain Vibranium Suit and 3 Kinetic Energy.,All Forms,,,,,,
Black Panther,Hero Board Ability,Offensive Ability,Meteoric Punch,Small Straight / Large Straight,,,,SMALL STRAIGHT — Gain 1 Kinetic Energy. Then deal 6 dmg. LARGE STRAIGHT — Gain 2 Kinetic Energy. Then deal 8 dmg.,All Forms,,,,,,
Black Panther,Hero Board Ability,Offensive Ability,Ancestral Power,[panther] ×4,,,,Gain Vibranium Suit. Gain 2 Kinetic Energy. Then deal 4 undefendable dmg.,All Forms,,,,,,
Black Panther,Hero Board Ability,Offensive Ability,Triple Threat,[slash] ×2 + [vibranium] ×2 + [panther] ×1,,,,"Deal 6 dmg and roll 2 [dice]: Add 1 × [slash] dmg. On [vibranium], gain 2 Kinetic Energy. On [panther], draw 1.",All Forms,,,,,,
Black Panther,Hero Board Ability,Defensive Ability,Bashenga's Honor,Defense Roll 3 [dice],,,,Deal 1 × [slash] dmg.,All Forms,,,,,,
Black Panther,Hero Board Ability,Ultimate Ability,Wakanda Forever!,[panther] ×5,,,,"Gain Vibranium Suit and 3 Kinetic Energy. Then deal 11 dmg. ULTIMATE — Dice may be altered to prevent an Ultimate. Otherwise, no action of any kind may be performed by any opponent until the ability fully completes.",All Forms,,,,,,
Black Panther,Character Die,Die Symbol,Slash,,,,1; 2; 3,Slash.,All Forms,,,,,,
Black Panther,Character Die,Die Symbol,Vibranium,,,,4; 5,Vibranium.,All Forms,,,,,,
Black Panther,Character Die,Die Symbol,Panther,,,,6,Panther.,All Forms,,,,,,
Black Panther,Unique Card,Hero Upgrade,Meteoric Punch II,Small Straight / Large Straight,,2,,SMALL STRAIGHT — Gain 1 Kinetic Energy. Then deal 7 dmg. LARGE STRAIGHT — Gain 2 Kinetic Energy. Then deal 9 dmg.,All Forms,,,,,,
Black Panther,Unique Card,Hero Upgrade,Vibranium Claws II,[slash] ×3 / [slash] ×4 / [slash] ×5,,1,,"[slash] ×3: Deal 5 dmg. [slash] ×4: Deal 6 dmg. [slash] ×5: Deal 7 dmg. On 3-of-a-kind, gain Kinetic Energy.",All Forms,,,,,,
Black Panther,Unique Card,Instant Action,Vibin'!,,,1,,Discard Vibranium Suit to prevent 6 dmg.,All Forms,,,,,,
Black Panther,Unique Card,Hero Upgrade,Stealth Strike II,[slash] ×2 + [panther] ×2,,1,,Deal 4 undefendable dmg.,All Forms,,,,,,
Black Panther,Unique Card,Hero Upgrade,Bashenga's Honor II,Defense Roll 4 [dice],,2,,Deal 1 × [slash] dmg.,All Forms,,,,,,
Black Panther,Unique Card,Main Phase Action,Energize!,,,1,,Roll 1 [die]. Gain half the value as Kinetic Energy (rounded up).,All Forms,,,,,,
Black Panther,Unique Card,Hero Upgrade,Ancestral Power II / Panther Reflexes,Ancestral Power II: [panther] ×4; Panther Reflexes: [panther] ×3,,2,,ANCESTRAL POWER II — Gain Vibranium Suit. Gain 2 Kinetic Energy. Then deal 6 undefendable dmg. PANTHER REFLEXES — Gain 4 Kinetic Energy.,All Forms,,,,,,
Black Panther,Unique Card,Hero Upgrade,Heart-Shaped Herb II,[vibranium] ×3,,2,,Gain 1 × [vibranium] Kinetic Energy. Gain Vibranium Suit.,All Forms,,,,,,
Black Panther,Unique Card,Roll Phase Action (Attack Modifier),Strength of Will!,,,1,,Roll 5 [dice]. Add 1 × [slash] dmg.,All Forms,,,,,,
Black Panther,Unique Card,Instant Action,Yibambe!,,,0,,Discard 2 Kinetic Energy to gain Vibranium Suit.,All Forms,,,,,,
Black Panther,Unique Card,Roll Phase Action (Attack Modifier),Warrior of Wakanda!,,,2,,Your Attack becomes undefendable.,All Forms,,,,,,
Black Panther,Unique Card,Main Phase Action,Stop at Nothing!,,,0,,Discard 2 Kinetic Energy to gain 3 CP.,All Forms,,,,,,
Black Panther,Unique Card,Hero Upgrade,Triple Threat II,[slash] ×2 + [vibranium] ×2 + [panther] ×1,,2,,"Deal 6 dmg and roll 3 [dice]: Add 1 × [slash] dmg. On [vibranium], gain 2 Kinetic Energy. On [panther], draw 1.",All Forms,,,,,,
Black Panther,Unique Card,Hero Upgrade,Energy Absorption II,,,0,,"PASSIVE — Whenever dmg is successfully dealt to you, gain Kinetic Energy (excluding dmg from an Ultimate). Your Kinetic Energy stack limit is now 7 (instead of 8).",All Forms,,,,,,
Deadpool,Status Effect,Positive Status Effect,Donut,,2,,,"What else do you do with a donut???: When gaining this token, you may choose to give it to any player. A player with this token may spend it during their Upkeep Phase and roll 1 [die]: Gain half the value as health (rounded up).",All Forms,,,,,,
Deadpool,Status Effect,Unique Status Effect,Onomatopoeia,,2,,,"Yeah, I can’t say it either: During any Roll Phase, you may spend this token to change one of your dice to a [knife] or [joke], but only if you say a cool or funny onomatopoeia while doing so. This token may not be transferred by any means (but can be removed).",All Forms,,,,,,
Deadpool,Status Effect,Positive Status Effect,RPS,,1,,,"Rock, Paper, Scissors for fun and benefits: A player with this token may spend it when Attacking or when being Attacked. Once spent, choose an opponent to play Rock, Paper, Scissors against. If you win, gain the benefit listed below. If you tie, play again. While being Attacked: Prevent 2 incoming dmg. While Attacking: Add 2 dmg. If your Shoot card is Active, add 3 dmg instead. If spent during your Ultimate Ability, you automatically win RPS. This counts as an Attack Modifier. Can only spend once per turn.",All Forms,,,,,,
Deadpool,Hero Board Ability,Offensive Ability,Finger Guns,[pew] ×4 / [pew] ×5,,,,"[pew] ×4: Deal 6 dmg. [pew] ×5: Deal 7 dmg. If you say “Pew, Pew” whilst pointing finger guns in the air, gain 1 CP.",All Forms,,,,,,
Deadpool,Hero Board Ability,Offensive Ability,Donut Hole,[joke] ×3,,,,Draw 1. Gain Donut. Deal 4 pure dmg.,All Forms,,,,,,
Deadpool,Hero Board Ability,Offensive Ability,Knife Fight,[pew] ×2 + [knife] ×2,,,,Gain RPS and Onomatopoeia. Deal 3 pure dmg.,All Forms,,,,,,
Deadpool,Hero Board Ability,Offensive Ability,Besmirched,[pew] ×1 + [knife] ×1 + [joke] ×1 + [mask] ×1,,,,"Deal 6 dmg and roll 2 [dice]: On [pew], add 2 dmg. On [knife], add 3 dmg. On [joke], gain Onomatopoeia. On [mask], gain RPS.",All Forms,,,,,,
Deadpool,Hero Board Ability,Offensive Ability,Taco Truck,Small Straight,,,,"Deal 8 dmg. If you use a 1 or 6 in this straight, you may shout “Taco Tuesday” to add 1 dmg.",All Forms,,,,,,
Deadpool,Hero Board Ability,Offensive Ability,Merc With a Mouth,[mask] ×4,,,,"Gain Donut, RPS, and Onomatopoeia. Then deal 6 undefendable dmg.",All Forms,,,,,,
Deadpool,Hero Board Ability,Offensive Ability,Fiesta,Large Straight,,,,"Gain RPS and Donut. Then deal 8 dmg. If you use a 6 in this straight, add 1 dmg.",All Forms,,,,,,
Deadpool,Hero Board Ability,Defensive Ability,Mutant Healing,Defense Roll 4 [dice],,,,"Heal 1. Deal 1 × [knife] dmg. On [joke], gain Onomatopoeia.",All Forms,,,,,,
Deadpool,Hero Board Ability,Ultimate Ability,Fourth Wall!,[mask] ×5,,,,"Gain a Positive Status Effect from a different chosen player’s leaflet or gain Donut. If your Shoot card is inactive, flip it back to its Active side. Deal 14 dmg. ULTIMATE — Dice may be altered to prevent an Ultimate. Otherwise, no action of any kind may be performed by any opponent until the ability fully completes.",All Forms,,,,,,
Deadpool,Character Die,Die Symbol,Pew,,,,1; 2; 3,Pew.,All Forms,,,,,,
Deadpool,Character Die,Die Symbol,Knife,,,,4,Knife.,All Forms,,,,,,
Deadpool,Character Die,Die Symbol,Joke,,,,5,Joke.,All Forms,,,,,,
Deadpool,Character Die,Die Symbol,Mask,,,,6,Mask.,All Forms,,,,,,
Deadpool,Unique Mechanic,Setup Card,Shoot — Active,,,,,"HERO SETUP — Begin the game with the Shoot card set to the side of your Hero Board, active side face up. If you lose a game of RPS, you may flip this card over to win that round of RPS.",All Forms,,,,,,
Deadpool,Unique Mechanic,RPS Choice Card,Rock,,,,,Represents the Rock choice during RPS. Card text: “Hi! I’m Rock! I don’t like Paper!”,All Forms,,,,,,
Deadpool,Unique Mechanic,RPS Choice Card,Paper,,,,,Represents the Paper choice during RPS. Card text: “Hi! I’m Paper! Don’t cut me please!”,All Forms,,,,,,
Deadpool,Unique Mechanic,RPS Choice Card,Scissors,,,,,Represents the Scissors choice during RPS. Card text: “Hi! I’m Scissors! Rock sucks!”,All Forms,,,,,,
Deadpool,Unique Card,Roll Phase Action (Attack Modifier),He Who Smelt It...,,,1,,Roll 4 [dice]. Add 1 × [pew] dmg. Play this card with your ...Dealt It! card to gain 1 CP.,All Forms,,,,,,
Deadpool,Unique Card,Main Phase Action,Finger Gun Reload!,,,1,,"If your Shoot card is inactive, flip it back to its Active side.",All Forms,,,,,,
Deadpool,Unique Card,Main Phase Action,Do You Feel Lucky?!,,,1,,"Choose an opponent. They hope to roll a 6 (but may change this number if they desire). Then they roll 1 [die]. If the die value matches their number, they Heal 3. Otherwise, they receive 3 dmg.",All Forms,,,,,,
Deadpool,Unique Card,Instant Action,Ro-Sham-Bo!,,,1,,Gain RPS.,All Forms,,,,,,
Deadpool,Unique Card,Main Phase Action,Buffet!,,,2,,Gain 2 Donut.,All Forms,,,,,,
Deadpool,Unique Card,Main Phase Action,Chimichanga!,,,0,,"If this is the only card in your hand, play it to gain any status effect on your leaflet.",All Forms,,,,,,
Deadpool,Unique Card,Hero Upgrade,"Merc With a Mouth DOS / Oh Look, a Safety Net","Merc With a Mouth DOS: [mask] ×4; Oh Look, a Safety Net: [mask] ×3",,2,,"MERC WITH A MOUTH DOS — Gain RPS, Onomatopoeia, and 2 Donut. Then deal 6 undefendable dmg. OH LOOK, A SAFETY NET — Gain RPS and 2 Donut.",All Forms,,,,,,
Deadpool,Unique Card,Hero Upgrade,Fiesta DOS / Baker's Dozen,Fiesta DOS: Large Straight; Baker's Dozen: [joke] ×5,,2,,FIESTA DOS — Gain RPS and Donut. Then deal 10 dmg. BAKER’S DOZEN — Draw 3. Gain 2 Donut. Deal 4 pure dmg.,All Forms,,,,,,
Deadpool,Unique Card,Hero Upgrade,Besmirched DOS / Fallback Ability,Besmirched DOS: [pew] ×1 + [knife] ×1 + [joke] ×1 + [mask] ×1; Fallback Ability: [knife] ×2 + [joke] ×2,,2,,"BESMIRCHED DOS — Deal 6 dmg and roll 3 [dice]: On [pew], add 2 dmg. On [knife], add 3 dmg. On [joke], gain Onomatopoeia. On [mask], gain RPS. FALLBACK ABILITY — Gain RPS. Then deal 6 undefendable dmg.",All Forms,,,,,,
Deadpool,Unique Card,Hero Upgrade,"Knife Fight DOS / Stabby, Stabby","Knife Fight DOS: [pew] ×2 + [knife] ×2; Stabby, Stabby: [knife] ×5",,2,,"KNIFE FIGHT DOS — Gain RPS and Onomatopoeia. Deal 4 pure dmg. STABBY, STABBY — Deal 11 undefendable dmg.",All Forms,,,,,,
Deadpool,Unique Card,Roll Phase Action (Attack Modifier),...Dealt It!,,,1,,Add 2 dmg. Play this card with your He Who Smelt It... card to add 3 dmg instead.,All Forms,,,,,,
Deadpool,Unique Card,Instant Action,Whatsamata Pea Ya?!,,,1,,Gain Onomatopoeia.,All Forms,,,,,,
Deadpool,Unique Card,Main Phase Action,The Sound of an Eclaire!,,,0,,"PROMO CARD — Roll 1 [die]: On [mask], gain 2 Donut and 2 Onomatopoeia. On any other outcome, draw 1.",All Forms,,,,,,
Deadpool,Unique Card,Hero Upgrade,Mutant Healing DOS,Defense Roll 4 [dice],,3,,Heal 2. Deal 1 × [knife] dmg. Gain 1 × [joke] Onomatopoeia.,All Forms,,,,,,
Deadpool,Unique Card,Hero Upgrade,Finger Guns DOS / ???,Finger Guns DOS: [pew] ×3 / [pew] ×4 / [pew] ×5; ???: [pew] ×2 + [mask] ×2,,0,,FINGER GUNS DOS — [pew] ×3: Deal 5 dmg. [pew] ×4: Deal 6 dmg. [pew] ×5: Deal 7 dmg. Gain 1 CP. ??? — Choose any 4-letter word you want for this ability’s name. Gain Donut. Deal 4 undefendable dmg.,All Forms,,,,,,
Krampus,Status Effect,Negative Status Effect,Coal,,4,,,"Prevents 1 CP from being gained: The next time a player with four of these tokens would gain CP, they must first remove all Coal tokens. Then reduce the amount of CP gained by 1 CP.",All Forms,,,,,,
Krampus,Status Effect,Unique Status Effect,Gift,,3,,,"Spend to gain a Reject: During your Main Phase, you may spend this token to draw a card from the Reject deck and put it into play. This token may not be transferred by any means (but can be removed).",All Forms,,,,,,
Krampus,Companion,Companion Rules,Rejects,,,,,"Each Reject may be Activated once per turn to provide an immediate effect. Whenever a Reject is drawn, it is immediately put into play face up next to your Hero Board. When Activating a Reject, resolve the Activation Effect and then discard it into the Reject discard pile. You may only have 3 Rejects in play at a time and they have no effect until Activated. If you ever have more than 3 Rejects, immediately discard back down to 3 without Activating any discarded Rejects. If you ever need to draw a Reject and none are available, shuffle the Reject discard pile to form a new Reject deck. HERO SETUP — Begin the game with the Reject cards shuffled into their own draw pile, then draw 1 Reject.",All Forms,,,3,,,
Krampus,Companion,Reject Companion,Squishy,,,,,Activation Effect — Play only after being Attacked. Prevent 3 incoming dmg.,All Forms,,,,,1,
Krampus,Companion,Reject Companion,Bitey,,,,,Activation Effect — Heal 2. Add 2 dmg. Attack Modifier.,All Forms,,,,,1,
Krampus,Companion,Reject Companion,Wormy,,,,,Activation Effect — Perform an additional Roll Attempt of up to five dice during your Offensive Roll Phase.,All Forms,,,,,1,
Krampus,Companion,Reject Companion,Sproingy,,,,,Activation Effect — Inflict 2 Coal. Add 1 dmg. Attack Modifier.,All Forms,,,,,1,
Krampus,Companion,Reject Companion,Dotty,,,,,Activation Effect — Add 3 dmg. Attack Modifier.,All Forms,,,,,1,
Krampus,Companion,Reject Companion,Sargey,,,,,Activation Effect — Make your Attack undefendable. Attack Modifier.,All Forms,,,,,1,
Krampus,Hero Board Ability,Offensive Ability,Swat,[switch] ×3 / [switch] ×4 / [switch] ×5,,,,[switch] ×3: Deal 5 dmg. [switch] ×4: Deal 6 dmg. [switch] ×5: Deal 7 dmg.,All Forms,,,,,,
Krampus,Hero Board Ability,Offensive Ability,Scavenge,[present] ×3,,,,Gain 3 Gifts. Gain 2 CP and draw 1.,All Forms,,,,,,
Krampus,Hero Board Ability,Offensive Ability,Bad Tidings,[switch] ×1 + [jingle] ×1 + [present] ×1 + [horns] ×1,,,,Distribute 3 Coal among opponents. Then deal 2 collateral dmg to each opponent per Coal on their board.,All Forms,,,,,,
Krampus,Hero Board Ability,Offensive Ability,Rotter,[switch] ×2 + [jingle] ×2,,,,"Inflict Coal. Deal 8 dmg. Roll 1 [die]: On [switch], inflict 1 additional Coal. On [present], gain Gift. On [horns], draw 1 Reject.",All Forms,,,,,,
Krampus,Hero Board Ability,Offensive Ability,Misbehaving,Small Straight,,,,Gain Gift. Deal 7 dmg.,All Forms,,,,,,
Krampus,Hero Board Ability,Offensive Ability,Spoils,[horns] ×4,,,,Gain Gift. Draw 1 Reject. Inflict 2 Coal. Deal 9 dmg.,All Forms,,,,,,
Krampus,Hero Board Ability,Offensive Ability,Rejection,Large Straight,,,,"Draw 1 Reject, or you may Activate one Reject without discarding it. Deal 8 dmg.",All Forms,,,,,,
Krampus,Hero Board Ability,Defensive Ability,Deviled Eggs,Defense Roll 3 [dice],,,,"On [switch] ×2, inflict Coal. On [present], gain Gift. On [horns], deal 1 dmg per Reject.",All Forms,,,,,,
Krampus,Hero Board Ability,Ultimate Ability,Discomfort and Pain,[horns] ×5,,,,"Gain Gift. Draw 2 Rejects. Deal 10 dmg. You may Activate one Reject without discarding it. ULTIMATE — Dice may be altered to prevent an Ultimate. Otherwise, no action of any kind may be performed by any opponent until the ability fully completes.",All Forms,,,,,,
Krampus,Character Die,Die Symbol,Switch,,,,1; 2; 3,Switch.,All Forms,,,,,,
Krampus,Character Die,Die Symbol,Jingle,,,,4,Jingle.,All Forms,,,,,,
Krampus,Character Die,Die Symbol,Present,,,,5,Present.,All Forms,,,,,,
Krampus,Character Die,Die Symbol,Horns,,,,6,Horns.,All Forms,,,,,,
Krampus,Unique Card,Hero Upgrade,Rotter II,[switch] ×2 + [jingle] ×2,,1,,Deal 8 dmg. Roll 2 [dice]: Inflict 1 × [switch] Coal. Heal 1 × [jingle]. Gain 1 × [present] Gift. Draw 1 × [horns] Reject.,All Forms,,,,,,
Krampus,Unique Card,Hero Upgrade,Misbehaving II,Small Straight,,1,,Gain Gift. Deal 8 dmg.,All Forms,,,,,,
Krampus,Unique Card,Main Phase Action,Krampus' Helper!,,,3,,Draw 2 Rejects.,All Forms,,,,,,
Krampus,Unique Card,Hero Upgrade,Spoils II / Unholy Presents,Spoils II: [horns] ×4; Unholy Presents: [horns] ×3,,2,,SPOILS II — Gain Gift. Draw 2 Rejects. Inflict 2 Coal. Deal 9 dmg. UNHOLY PRESENTS — Gain Gift. Deal 4 undefendable dmg.,All Forms,,,,,,
Krampus,Unique Card,Hero Upgrade,Rejection II / Charcoal Surprise,Rejection II: Large Straight; Charcoal Surprise: [switch] ×3 + [present] ×1,,2,,REJECTION II — Draw 1 Reject. You may Activate one Reject without discarding it. Deal 9 dmg. CHARCOAL SURPRISE — Gain Gift. Inflict Coal. Deal 2 undefendable dmg.,All Forms,,,,,,
Krampus,Unique Card,Main Phase Action,Krusty Krampus!,,,0,,"PROMO CARD — Roll 1 [die]: On [horns], gain 3 Gifts. On any other outcome, draw 1.",All Forms,,,,,,
Krampus,Unique Card,Instant Action,Regift!,,,1,,This card may only be played when Activating a Reject. Do not discard the Reject when performing its Activation Effect.,All Forms,,,,,,
Krampus,Unique Card,Roll Phase Action (Attack Modifier),Dotty's Diversion!,,,0,,"This card may only be played when Activating Dotty. If your opponents are inflicted with at least 2 Coal, gain 2 CP. Additionally, if they are inflicted with at least 4 Coal, draw 1.",All Forms,,,,,,
Krampus,Unique Card,Roll Phase Action (Attack Modifier),Bitey's Bite!!,,,2,,This card may only be played when Activating Bitey. Double the Activation Effect of Bitey.,All Forms,,,,,,
Krampus,Unique Card,Hero Upgrade,Deviled Eggs II,Defense Roll 4 [dice],,3,,"On [switch] ×2, inflict Coal. On [jingle], Heal 1. On [present], gain Gift. On [horns], deal 1 dmg per Reject.",All Forms,,,,,,
Krampus,Unique Card,Main Phase Action,Give a Little!,,,0,,Discard a Gift to deal 3 dmg to a chosen opponent.,All Forms,,,,,,
Krampus,Unique Card,Hero Upgrade,Swat II,[switch] ×3 / [switch] ×4 / [switch] ×5,,1,,"[switch] ×3: Deal 5 dmg. [switch] ×4: Deal 6 dmg. [switch] ×5: Deal 7 dmg. On 3-of-a-kind, gain Gift.",All Forms,,,,,,
Krampus,Unique Card,Roll Phase Action (Attack Modifier),Sproingy's Surprise!,,,2,,"This card may only be played when Activating Sproingy. Add 1 dmg for each Coal that opponents are inflicted with, up to a maximum of 4.",All Forms,,,,,,
Krampus,Unique Card,Hero Upgrade,Scavenge II,[present] ×2,,0,,Gain 3 Gifts. Then gain 2 CP and draw 1.,All Forms,,,,,,
Santa,Status Effect,Positive Status Effect,Cheer,,3,,,"Spend to re-roll or change one of your dice to a 6: A player with this token may spend 1 to re-roll 1 of their dice, or spend 3 to change any one of their dice to a 6.",All Forms,,,,,,
Santa,Status Effect,Positive Status Effect,Egg Nog,,5,,,"Spend 3 for a benefit: A player may spend 3 of these tokens at any time to roll 1 [die]. On [axe], deal 2 dmg to a chosen opponent as an isolated source of undefendable dmg. On [bell], Heal 2 and gain 1 CP. On [star], Heal 2 and draw 1 card.",All Forms,,,,,,
Santa,Hero Board Ability,Offensive Ability,Trim Your Tree,[axe] ×3 / [axe] ×4 / [axe] ×5,,,,[axe] ×3: Deal 4 dmg. [axe] ×4: Deal 6 dmg. [axe] ×5: Deal 8 dmg.,All Forms,,,,,,
Santa,Hero Board Ability,Offensive Ability,Festivities,[axe] ×3 + [star] ×2,,,,Gain 2 Egg Nog. All players gain 1 CP. Then deal 7 dmg plus 1 dmg per player.,All Forms,,,,,,
Santa,Hero Board Ability,Offensive Ability,Fireside Chat,[bell] ×4,,,,"After targeting an opponent, roll 1 [die]. If your roll is equal to or greater than 6, deal 6 undefendable dmg and gain Cheer. Otherwise, deal 8 dmg and gain Egg Nog.",All Forms,,,,,,
Santa,Hero Board Ability,Offensive Ability,Naughty or Nice,[axe] ×2 + [bell] ×2 + [star] ×1,,,,"After targeting an opponent, roll 1 [die]. On 1–4, your opponent is nice: They gain 1 CP, then deal 10 dmg. On 5–6, your opponent is naughty: They gain Cheer, then deal 12 dmg.",All Forms,,,,,,
Santa,Hero Board Ability,Offensive Ability,Rosey Cheeks,Small Straight,,,,Gain Cheer. Then deal 6 dmg plus 1 dmg per Cheer.,All Forms,,,,,,
Santa,Hero Board Ability,Offensive Ability,Holly Jolly,[star] ×4,,,,Gain 2 Cheer and 3 Egg Nog. Deal 6 undefendable dmg.,All Forms,,,,,,
Santa,Hero Board Ability,Offensive Ability,Reindeer Games,Large Straight,,,,Gain Cheer and 2 Egg Nog. Then deal 4 dmg plus 1 dmg per Egg Nog plus 1 dmg per Cheer.,All Forms,,,,,,
Santa,Hero Board Ability,Defensive Ability,Egg Noggin' It,Defense Roll 4 [dice],,,,"Gain 1 × [bell] Egg Nog. On [star], gain Cheer.",All Forms,,,,,,
Santa,Hero Board Ability,Ultimate Ability,Comfort and Joy!,[star] ×5,,,,"Gain 4 Egg Nog. Deal 10 dmg. Immediately target the same opponent with an additional Offensive Roll Phase. ULTIMATE — Dice may be altered to prevent an Ultimate. Otherwise, no action of any kind may be performed by any opponent until the ability fully completes.",All Forms,,,,,,
Santa,Character Die,Die Symbol,Axe,,,,1; 2; 3,Axe.,All Forms,,,,,,
Santa,Character Die,Die Symbol,Bell,,,,4; 5,Bell.,All Forms,,,,,,
Santa,Character Die,Die Symbol,Star,,,,6,Star.,All Forms,,,,,,
Santa,Unique Card,Roll Phase Action (Attack Modifier),Extremely Naughty!,,,0,,"Play only after activating your Naughty or Nice Offensive Ability. If your opponent is naughty, this Attack becomes undefendable. Additionally, your opponent must apologize to you for being naughty or else receive 2 more dmg.",All Forms,,,,,,
Santa,Unique Card,Instant Action,Nogtastic!,,,1,,Gain 5 Egg Nog.,All Forms,,,,,,
Santa,Unique Card,Main Phase Action,Santa's Helper!,,,0,,"Discard 5 Egg Nog to Heal 2, draw 1 card, gain Cheer, and deal 2 dmg to a chosen opponent as an isolated source of undefendable dmg.",All Forms,,,,,,
Santa,Unique Card,Main Phase Action,Rebel Without a Claus!,,,0,,"PROMO CARD — Roll 1 [die]: On [star], gain 2 Cheer and 4 Egg Nog. On any other outcome, draw 1.",All Forms,,,,,,
Santa,Unique Card,Hero Upgrade,Egg Noggin' It II,Defense Roll 5 [dice],,2,,"Gain 1 × [bell] Egg Nog. On [star], gain Cheer.",All Forms,,,,,,
Santa,Unique Card,Hero Upgrade,Festivities II,[axe] ×3 + [star] ×2,,2,,Gain 3 Egg Nog. All players gain 1 CP. Then deal 8 dmg plus 1 dmg per player.,All Forms,,,,,,
Santa,Unique Card,Hero Upgrade,Trim Your Tree II,[axe] ×3 / [axe] ×4 / [axe] ×5,,2,,"[axe] ×3: Deal 5 dmg. [axe] ×4: Deal 7 dmg. [axe] ×5: Deal 9 dmg. On 4-of-a-kind, gain Egg Nog.",All Forms,,,,,,
Santa,Unique Card,Hero Upgrade,Holly Jolly II / Tannenboom,Holly Jolly II: [star] ×4; Tannenboom: [star] ×3,,2,,HOLLY JOLLY II — Gain 3 Cheer and 3 Egg Nog. Deal 7 undefendable dmg. TANNENBOOM — Gain Cheer and 5 Egg Nog.,All Forms,,,,,,
Santa,Unique Card,Hero Upgrade,Rosey Cheeks II,Small Straight,,2,,Gain Cheer and Egg Nog. Then deal 7 dmg plus 1 dmg per Cheer.,All Forms,,,,,,
Santa,Unique Card,Main Phase Action,White Elephant Gift!,,,0,,"Conceal Cheer and 3 Egg Nog in one hand and nothing in your other hand. Your opponent chooses a hand (or rolls a die to determine if preferred). If they choose the empty hand, you keep the contents of the other. Otherwise, nothing happens.",All Forms,,,,,,
Santa,Unique Card,Hero Upgrade,Reindeer Games II / Mistletoe,Reindeer Games II: Large Straight; Mistletoe: [axe] ×2 + [bell] ×2,,2,,REINDEER GAMES II — Gain Cheer and 2 Egg Nog. Then deal 4 dmg plus 1 dmg per Egg Nog plus 2 dmg per Cheer. MISTLETOE — Two chosen players gain Cheer (may choose the same player twice). Deal 2 undefendable dmg.,All Forms,,,,,,
Santa,Unique Card,Instant Action,"Ho, Ho, Ho!",,,1,,Roll 1 [die]. Gain half the value as Cheer (rounded up).,All Forms,,,,,,
Santa,Unique Card,Hero Upgrade,Naughty or Nice II,[axe] ×2 + [bell] ×2 + [star] ×1,,2,,"After targeting an opponent, roll 1 [die]. On 1–3, your opponent is nice: They gain 1 CP, then deal 11 dmg. On 4–6, your opponent is naughty: They gain Cheer, then deal 13 dmg.",All Forms,,,,,,
Santa,Unique Card,Roll Phase Action (Attack Modifier),Rude-olph!,,,1,,Add 1 dmg per Cheer.,All Forms,,,,,,
Santa,Unique Card,Roll Phase Action (Attack Modifier),Gang-Deer!,,,1,,"Roll 5 [dice]. Add 1 × [axe] dmg. On [bell] ×2, gain Cheer.",All Forms,,,,,,
Paladin,Status Effect,Positive Status Effect,Retribution,,1,,,Spend when Attacked to deal half dmg back: This token may be spent after being Attacked as a result of an opponent’s Offensive Roll Phase to deal half of the incoming dmg (rounded up) back to the Attacker.,All Forms,,,,,,
Paladin,Status Effect,Positive Status Effect,Crit,,1,,,"Spend to add 4 dmg to your Attack: If a player with this token is dealing at least 5 dmg as a result of their Offensive Roll Phase, this token may be spent to deal 4 dmg. Attack Modifier.",All Forms,,,,,,
Paladin,Status Effect,Positive Status Effect,Protect,,1,,,Prevent half incoming damage: A player with this token may spend it at any time to prevent half incoming damage (rounded up).,All Forms,,,,,,
Paladin,Status Effect,Positive Status Effect,Accuracy,,1,,,Spend to make your Attack undefendable: A player with this token may spend it at the conclusion of their Offensive Roll Phase to make their Attack undefendable. Attack Modifier.,All Forms,,,,,,
Paladin,Status Effect,Unique Status Effect,Blessing of Divinity,,1,,,"Prevent being defeated: The next time a player (or team) with this token would have their health reduced to 0, remove this token and set their health to 1 instead. This token may not be removed or transferred by any other means.",All Forms,,,,,,
Paladin,Hero Board Ability,Passive Ability,Tithe,,,,,You may re-roll 1 of your dice at any time for 1 CP per re-roll. You may draw 1 at any time for 3 CP per card.,All Forms,,,,,,
Paladin,Hero Board Ability,Offensive Ability,Retaliate,[helmet] ×3 + [prayer] ×1,,,,A chosen player gains Retribution. Gain 3 CP.,All Forms,,,,,,
Paladin,Hero Board Ability,Offensive Ability,Righteous Combat,[sword] ×3 + [helmet] ×2,,,,Deal 5 dmg and roll 2 [dice]: Add 1 × [helmet] plus 2 × [sword] dmg. Heal 2 × [life]. Gain 1 CP × [prayer].,All Forms,,,,,,
Paladin,Hero Board Ability,Offensive Ability,Mighty Prayer,[sword] ×3 + [prayer] ×1,,,,Deal 3 undefendable dmg. Then gain Crit and Accuracy.,All Forms,,,,,,
Paladin,Hero Board Ability,Offensive Ability,Holy Attack,Small Straight / Large Straight,,,,SMALL STRAIGHT — Heal 1. Deal 6 dmg. LARGE STRAIGHT — Heal 2. Deal 8 dmg.,All Forms,,,,,,
Paladin,Hero Board Ability,Offensive Ability,Righteous Prayer,[prayer] ×4,,,,Deal 8 dmg. Then gain Crit and 2 CP.,All Forms,,,,,,
Paladin,Hero Board Ability,Offensive Ability,Holy Light,[life] ×2,,,,"Heal 1 × [life] and roll 2 [dice]: On [sword], gain Crit. On [helmet], gain Protect. On [life], draw 1. On [prayer], gain 2 CP.",All Forms,,,,,,
Paladin,Hero Board Ability,Defensive Ability,Divine Defense,Defense Roll 3 [dice],,,,"On [sword], deal 1 dmg. Prevent 1 × [helmet] plus 2 × [life] dmg. Gain 1 CP × [prayer].",All Forms,,,,,,
Paladin,Hero Board Ability,Ultimate Ability,Resolute Faith!,[prayer] ×5,,,,"Gain Blessing of Divinity. Heal 5. Deal 10 dmg. ULTIMATE — Dice may be altered to prevent an Ultimate. Otherwise, no action of any kind may be performed by any opponent until the ability fully completes.",All Forms,,,,,,
Paladin,Character Die,Die Symbol,Sword,,,,1; 2,Sword.,All Forms,,,,,,
Paladin,Character Die,Die Symbol,Helmet,,,,3; 4,Helmet.,All Forms,,,,,,
Paladin,Character Die,Die Symbol,Life,,,,5,Life.,All Forms,,,,,,
Paladin,Character Die,Die Symbol,Prayer,,,,6,Prayer.,All Forms,,,,,,
Paladin,Unique Card,Hero Upgrade,Righteous Combat III / Steadfast,Righteous Combat III: [sword] ×3 + [helmet] ×2; Steadfast: [sword] ×2 + [helmet] ×1,,4,,RIGHTEOUS COMBAT III — Deal 6 dmg and roll 3 [dice]: Add 1 × [helmet] plus 2 × [sword] dmg. Heal 2 × [life]. Gain 1 CP × [prayer]. STEADFAST — Heal 2. Deal 2 undefendable dmg.,All Forms,,,,,,
Paladin,Unique Card,Hero Upgrade,Holy Light II,[life] ×2,,2,,"Heal 1 × [life] and roll 3 [dice]: On [sword], gain Crit. On [helmet], gain Protect. Draw 1 × [life]. Gain 2 CP × [prayer].",All Forms,,,,,,
Paladin,Unique Card,Hero Upgrade,Divine Defense II,Defense Roll 4 [dice],,3,,Deal 1 × [sword] dmg. Prevent 1 × [helmet] plus 2 × [life] dmg. Gain 1 CP × [prayer].,All Forms,,,,,,
Paladin,Unique Card,Hero Upgrade,Holy Attack II,Small Straight / Large Straight,,2,,SMALL STRAIGHT — Heal 1. Deal 7 dmg. LARGE STRAIGHT — Heal 2. Deal 9 dmg.,All Forms,,,,,,
Paladin,Unique Card,Hero Upgrade,Tithe II,,,3,,"PASSIVE — You may re-roll 1 of your dice at any time for 1 CP per re-roll. You may draw 1 at any time for 2 CP per card. Whenever you successfully activate an ability during your Offensive Roll Phase that utilizes at least 1 [prayer], gain 1 CP.",All Forms,,,,,,
Paladin,Unique Card,Main Phase Action,Consecration!,,,4,,"A chosen player gains Protect, Retribution, Crit, and Accuracy.",All Forms,,,,,,
Paladin,Unique Card,Hero Upgrade,Retaliate II / Requital,Retaliate II: [helmet] ×3 + [prayer] ×1; Requital: [sword] ×1 + [helmet] ×1 + [life] ×1 + [prayer] ×1,,1,,RETALIATE II — A chosen player gains Retribution. Gain 4 CP. REQUITAL — Gain Retribution. Heal 1. Deal 3 undefendable dmg.,All Forms,,,,,,
Paladin,Unique Card,Main Phase Action,Divine Favor!,,,0,,"PROMO CARD — Roll 1 [die]: On [prayer], gain 4 CP. On any other outcome, draw 1.",All Forms,,,,,,
Paladin,Unique Card,Hero Upgrade,Righteous Combat II,[sword] ×3 + [helmet] ×2,,2,,Deal 5 dmg and roll 3 [dice]: Add 1 × [helmet] plus 2 × [sword] dmg. Heal 2 × [life]. Gain 1 CP × [prayer].,All Forms,,,,,,
Paladin,Unique Card,Hero Upgrade,Righteous Prayer II / Prosperity,Righteous Prayer II: [prayer] ×4; Prosperity: [prayer] ×3,,2,,RIGHTEOUS PRAYER II — Deal 8 undefendable dmg. Then gain Crit and 2 CP. PROSPERITY — Gain 4 CP.,All Forms,,,,,,
Paladin,Unique Card,Roll Phase Action,Absolution!,,,1,,"Play only after being Attacked. Roll 1 [die]: On [sword], deal 3 dmg. On [helmet], prevent 3 dmg. On [life], prevent 5 dmg. On [prayer], prevent 2 dmg and gain 2 CP.",All Forms,,,,,,
Paladin,Unique Card,Hero Upgrade,Divine Defense III,Defense Roll 4 [dice],,4,,"Deal 1 × [sword] dmg. Prevent 1 × [helmet] plus 2 × [life] dmg. Gain 1 CP × [prayer]. On [helmet] ×2 plus [prayer], gain Protect.",All Forms,,,,,,
Paladin,Unique Card,Hero Upgrade,Mighty Prayer II / Offensive Stance,Mighty Prayer II: [sword] ×3 + [prayer] ×1; Offensive Stance: [sword] ×2 + [prayer] ×1,,2,,MIGHTY PRAYER II — Deal 4 undefendable dmg. Then gain Crit and Accuracy. OFFENSIVE STANCE — Deal 2 undefendable dmg. Then gain Crit or Accuracy.,All Forms,,,,,,
Paladin,Unique Card,Main Phase Action,Blessed!,,,1,,"Roll 1 [die]: On [sword], draw 2. On [helmet], Heal 3. On [life], Heal 4. On [prayer], gain 3 CP.",All Forms,,,,,,
Paladin,Unique Card,Main Phase Action,Mighty!,,,1,,A chosen player gains Crit.,All Forms,,,,,,
Monk,Status Effect,Positive Status Effect,Chi,,5,,,"A player may spend these tokens to increase or reduce dmg: Chi tokens may be spent at any time to prevent 1 incoming damage per token. Alternatively, you may spend Chi to increase Attack dmg by 1 per token spent. Chi may not be used to increase dmg the turn that it was gained. Attack Modifier.",All Forms,,,,,,
Monk,Status Effect,Positive Status Effect,Evasive,,3,,,"Spend and roll 1–2 to avoid damage: When a player with this token receives damage, they may choose to spend it. If spent, roll 1 [die]. If the outcome is 1–2, no dmg is received (although other associated effects may still apply). Multiple tokens may be spent in an attempt to prevent the same source of damage.",All Forms,,,,,,
Monk,Status Effect,Negative Status Effect,Knockdown,,1,,,"Spend 2 CP or skip Offensive Roll Phase: To remove this token, a player afflicted with it must spend 2 CP before the start of their Offensive Roll Phase. If the player does not, they must skip their Offensive Roll Phase and then remove this token.",All Forms,,,,,,
Monk,Status Effect,Positive Status Effect,Cleanse,,3,,,Spend to remove a status effect token: A player with this token may spend it at any time to remove a single status effect token from themselves.,All Forms,,,,,,
Monk,Hero Board Ability,Offensive Ability,Fist Strike,[fist] ×3 / [fist] ×4 / [fist] ×5,,,,[fist] ×3: Deal 6 dmg. [fist] ×4: Deal 7 dmg. [fist] ×5: Deal 8 dmg.,All Forms,,,,,,
Monk,Hero Board Ability,Offensive Ability,Meditate,[zen] ×3,,,,Gain 5 Chi. Gain Evasive or gain Cleanse.,All Forms,,,,,,
Monk,Hero Board Ability,Offensive Ability,Combo Strike,[fist] ×3 + [palm] ×1,,,,"Deal 6 dmg and roll 1 [die]: On [fist], add 2 dmg. On [palm], add 3 dmg. On [zen], gain 2 Chi. On [lotus], gain Evasive or gain Cleanse.",All Forms,,,,,,
Monk,Hero Board Ability,Offensive Ability,Tempest Rush,[palm] ×3,,,,"Roll 3 [dice]. Deal dmg equal to the total roll value. If the roll value is at least 13, inflict Knockdown.",All Forms,,,,,,
Monk,Hero Board Ability,Offensive Ability,Fist of Harmony,Small Straight,,,,Deal 6 dmg. Then gain 2 Chi.,All Forms,,,,,,
Monk,Hero Board Ability,Offensive Ability,Lotus Strike,[lotus] ×4,,,,Deal 5 undefendable dmg. Then increase Chi stack limit by 1 and gain 5 Chi.,All Forms,,,,,,
Monk,Hero Board Ability,Offensive Ability,Fist of Tranquility,Large Straight,,,,Deal 7 dmg. Then gain Evasive and 3 Chi.,All Forms,,,,,,
Monk,Hero Board Ability,Defensive Ability,Serenity,Defense Roll 4 [dice],,,,Gain 1 × [zen] Chi. Deal 1 × [fist] dmg.,All Forms,,,,,,
Monk,Hero Board Ability,Ultimate Ability,Transcendence!,[lotus] ×5,,,,"Gain Evasive and Cleanse. Inflict Knockdown. Deal 10 dmg. Then increase Chi stack limit by 1 and gain 6 Chi. ULTIMATE — Dice may be altered to prevent an Ultimate. Otherwise, no action of any kind may be performed by any opponent until the ability fully completes.",All Forms,,,,,,
Monk,Character Die,Die Symbol,Fist,,,,1; 2,Fist.,All Forms,,,,,,
Monk,Character Die,Die Symbol,Palm,,,,3,Palm.,All Forms,,,,,,
Monk,Character Die,Die Symbol,Zen,,,,4; 5,Zen.,All Forms,,,,,,
Monk,Character Die,Die Symbol,Lotus,,,,6,Lotus.,All Forms,,,,,,
Monk,Unique Card,Main Phase Action,Mystic Mantra!,,,3,,Gain 1 Chi. Gain Evasive and Cleanse. Inflict Knockdown on a chosen opponent.,All Forms,,,,,,
Monk,Unique Card,Hero Upgrade,Meditate II / Zen Strike,Meditate II: [zen] ×3; Zen Strike: [fist] ×2 + [zen] ×2,,2,,MEDITATE II — Gain 6 Chi. Gain Evasive and Cleanse. ZEN STRIKE — Deal 6 dmg. Then gain 2 Chi.,All Forms,,,,,,
Monk,Unique Card,Main Phase Action,Palm Strike!,,,0,,Inflict Knockdown on a chosen opponent.,All Forms,,,,,,
Monk,Unique Card,Main Phase Action,Enlightenment!,,,0,,"PROMO CARD — Roll 1 [die]: On [lotus], gain 2 Chi, Evasive, and Cleanse. On any other outcome, draw 1.",All Forms,,,,,,
Monk,Unique Card,Hero Upgrade,Lotus Strike II / Way of the Lotus,Lotus Strike II: [lotus] ×4; Way of the Lotus: [lotus] ×3,,2,,LOTUS STRIKE II — Deal 6 undefendable dmg. Then increase Chi stack limit by 1 and gain 6 Chi. WAY OF THE LOTUS — Deal 2 undefendable dmg. Then gain Evasive and 2 Chi.,All Forms,,,,,,
Monk,Unique Card,Hero Upgrade,Serenity II,Defense Roll 5 [dice],,2,,Gain 1 × [zen] Chi. Deal 1 × [fist] dmg.,All Forms,,,,,,
Monk,Unique Card,Instant Action,Ruminate!,,,3,,Gain 5 Chi.,All Forms,,,,,,
Monk,Unique Card,Hero Upgrade,Tempest Rush II,[palm] ×3,,1,,"Roll 3 [dice]. Deal dmg equal to the total roll value. You may spend 1 Chi to re-roll any one of these dice. If the roll value is at least 12, inflict Knockdown.",All Forms,,,,,,
Monk,Unique Card,Hero Upgrade,Fist Strike II,[fist] ×3 / [fist] ×4 / [fist] ×5,,1,,[fist] ×3: Deal 7 dmg. [fist] ×4: Deal 8 dmg. [fist] ×5: Deal 9 dmg.,All Forms,,,,,,
Monk,Unique Card,Hero Upgrade,Fist of Tranquility II / Way of the Monk,Fist of Tranquility II: Large Straight; Way of the Monk: [fist] ×1 + [palm] ×1 + [zen] ×1 + [lotus] ×1,,2,,FIST OF TRANQUILITY II — Deal 7 dmg. Then gain Evasive and 3 Chi. Inflict Knockdown. WAY OF THE MONK — Gain 2 Evasive. Deal 3 undefendable dmg.,All Forms,,,,,,
Monk,Unique Card,Instant Action,Contemplate!,,,0,,Gain 2 Chi.,All Forms,,,,,,
Monk,Unique Card,Hero Upgrade,Fist Strike III,[fist] ×3 / [fist] ×4 / [fist] ×5,,2,,"[fist] ×3: Deal 7 dmg. [fist] ×4: Deal 8 dmg. [fist] ×5: Deal 9 dmg. On 4-of-a-kind, inflict Knockdown.",All Forms,,,,,,
Monk,Unique Card,Hero Upgrade,Fist of Harmony II,Small Straight,,1,,Deal 6 dmg. Then gain 3 Chi.,All Forms,,,,,,
Monk,Unique Card,Hero Upgrade,Serenity III,Defense Roll 5 [dice],,3,,"Gain 1 × [zen] Chi. Deal 1 × [fist] dmg. On [zen] plus [lotus], gain Evasive or gain Cleanse.",All Forms,,,,,,
Monk,Unique Card,Hero Upgrade,Combo Strike II,[fist] ×3 + [palm] ×1,,2,,"Deal 5 dmg and roll 2 [dice]: Add 2 × [fist] dmg. Add 3 × [palm] dmg. Gain 2 × [zen] Chi. For each [lotus], gain Evasive or gain Cleanse.",All Forms,,,,,,
